id,price_doc
30474,5153025.5
30476,5076529.0
30477,5907170.5
30479,6510959.5
30482,4640647.0
30484,5739630.0
30486,4000240.5
30487,4050467.75
30491,16847454.0
30492,5467847.0
30493,13996358.0
30495,10434062.0
30498,4482904.0
30499,7382121.5
30500,10144358.0
30501,6659862.5
30502,3340187.0
30503,6867261.0
30504,5755093.5
30505,10811144.0
30509,6469351.5
30510,7466687.0
30511,6590894.0
30512,6336965.0
30514,4147650.5
30515,7847687.5
30517,9327558.0
30518,7010921.5
30519,4754130.5
30520,5859856.5
30521,5897056.5
30523,6380924.0
30524,9878704.0
30525,10103508.0
30527,5361871.0
30528,6077964.0
30529,6245740.0
30530,5950902.0
30531,15003064.0
30533,9228680.0
30535,7431215.0
30537,11644106.0
30538,5059802.0
30540,7961576.5
30541,5671733.0
30543,5334856.5
30544,6175012.0
30545,7755707.0
30547,7666837.5
30549,4478608.0
30550,11124860.0
30551,4491156.5
30552,1470840.5
30553,6235511.0
30554,10231392.0
30556,6294387.5
30557,8985374.0
30558,8866724.0
30559,5419010.0
30560,5735526.0
30561,6538173.5
30564,7227537.5
30565,5404320.0
30566,7356083.5
30568,9698154.0
30569,8775696.0
30570,5886156.5
30571,5977331.5
30573,5398889.0
30574,5787960.0
30577,3960793.25
30578,3102833.25
30579,6950041.0
30580,4857725.0
30581,5519562.5
30582,13002886.0
30584,4884070.0
30586,8642706.0
30588,8044160.0
30589,6903315.0
30590,11278088.0
30591,5331710.0
30592,6087250.5
30594,6938721.0
30595,5485282.0
30597,5368843.0
30598,7429963.5
30599,7883263.5
30601,5850583.5
30602,1581058.75
30603,9721826.0
30604,4328734.0
30605,5214600.5
30606,16823262.0
30607,6328299.0
30608,7637156.0
30610,3462828.75
30612,6839080.5
30613,7454834.0
30614,15432448.0
30615,7557617.5
30617,8460970.0
30618,4991720.0
30620,2579114.0
30621,9225856.0
30622,7139294.0
30623,6104387.0
30624,6716043.5
30626,6226472.5
30627,7213454.0
30628,5194571.5
30629,4996581.5
30632,4104612.75
30633,5528753.5
30634,10576386.0
30635,7908649.5
30636,5277567.5
30637,7653777.0
30638,5490669.0
30639,7385541.0
30641,8194631.0
30642,5659765.5
30643,7112963.0
30644,7451197.5
30645,6968606.5
30646,5018629.5
30647,4912860.5
30648,14834400.0
30650,4565440.0
30652,4434974.5
30655,6036878.5
30657,5850715.5
30660,7416322.0
30662,8777762.0
30663,19026148.0
30664,11550488.0
30668,7762256.0
30671,4673863.0
30672,7076336.0
30673,9522704.0
30674,11870160.0
30676,6535105.5
30677,4348758.5
30678,13400634.0
30679,5696038.5
30682,7648144.0
30683,8097452.5
30684,5183641.0
30687,4531055.0
30688,4057390.5
30689,10967078.0
30690,15680754.0
30691,4648903.5
30692,5414759.0
30693,10553870.0
30694,4998898.5
30695,5890089.5
30696,6342908.5
30697,10679564.0
30698,6720915.0
30699,5999566.0
30701,7429963.5
30702,5964341.0
30703,3439018.0
30704,9298362.0
30705,9042516.0
30706,17390082.0
30708,14639870.0
30709,5234844.5
30710,7238257.0
30711,4220526.5
30712,3547100.75
30713,6364471.0
30714,6017764.0
30716,8097452.5
30717,5628646.0
30718,7758811.0
30719,12408688.0
30720,6617045.0
30721,4688720.0
30722,6615334.0
30723,6240027.0
30724,10435110.0
30725,6714318.5
30726,11712020.0
30727,7986442.5
30728,12224686.0
30730,5861118.5
30731,6581798.0
30732,4626457.5
30733,10473204.0
30734,5687920.5
30736,4530440.0
30737,6753334.5
30738,4084507.5
30740,6251601.0
30741,11418758.0
30743,4333851.5
30744,9733438.0
30745,6852136.0
30747,16268334.0
30748,11477394.0
30749,5385793.0
30750,5709124.5
30751,3655035.5
30752,6561779.5
30753,8243301.5
30754,5623746.0
30757,5123360.5
30758,10535250.0
30759,6092986.5
30761,10203698.0
30763,9465250.0
30764,6074585.0
30765,5835161.5
30768,4615793.0
30769,6682127.0
30771,3188390.5
30772,8183685.5
30774,5456005.5
30775,11006166.0
30776,6243622.5
30777,6388051.0
30778,8411602.0
30779,6392570.5
30780,7331573.5
30781,5449301.5
30782,5468534.5
30785,5141257.5
30789,6988660.0
30790,6333193.0
30791,8969188.0
30792,5689124.0
30793,10049138.0
30794,15072106.0
30795,11754748.0
30796,9560984.0
30797,12666256.0
30799,9421510.0
30800,13863952.0
30802,16940246.0
30803,3061394.75
30804,3738231.25
30805,14372266.0
30806,5715376.5
30807,5818125.0
30808,9362846.0
30809,4255287.5
30810,10947688.0
30812,5542635.0
30813,4942865.0
30815,4076195.25
30816,7696886.0
30817,1578704.375
30818,7716993.0
30819,9176920.0
30820,5078099.0
30821,20052636.0
30822,7801398.0
30823,5966085.0
30824,3536595.25
30827,5359509.5
30828,5536745.0
30829,5574104.0
30830,9214220.0
30832,5399249.5
30833,4849706.5
30834,3841928.25
30835,7430684.0
30836,6214556.5
30838,4422548.0
30839,5470767.5
30840,11690830.0
30841,11171384.0
30842,6749557.0
30843,5179072.0
30844,9366670.0
30845,7551730.0
30846,4258359.5
30847,5702071.0
30849,4508238.0
30852,5826355.5
30853,3808368.25
30854,5841095.5
30855,6702899.0
30856,8600224.0
30857,2450876.0
30860,4904871.5
30861,6299700.0
30862,6421855.0
30863,4597974.5
30864,6323435.0
30865,7938644.5
30867,5354500.5
30868,7447323.5
30869,5249102.0
30870,6267144.5
30871,7571204.5
30874,4878243.5
30875,5644342.0
30877,9731550.0
30883,3740200.0
30885,5216997.0
30886,7318313.0
30887,5577989.5
30889,5187728.0
30890,6858580.5
30894,5380357.5
30896,6250880.5
30897,6882506.5
30898,6914752.5
30899,6089049.5
30900,2828541.75
30901,6002583.0
30903,6658329.0
30904,8090825.0
30906,6500143.5
30907,11370024.0
30908,4176817.75
30909,13179184.0
30911,4414672.0
30912,6537871.5
30913,17236756.0
30914,5958740.0
30915,8228545.5
30917,7204109.0
30918,6409528.5
30920,4808148.5
30921,3415042.5
30922,5468614.5
30925,14840786.0
30926,6895486.0
30927,7033936.5
30928,4865956.0
30930,10868938.0
30932,4951976.0
30933,4805724.5
30934,12441336.0
30935,6844123.0
30936,5641761.5
30940,5701388.0
30941,6101151.0
30943,6426799.0
30945,3435064.75
30946,14058224.0
30948,7989874.5
30950,5229511.0
30951,15416346.0
30953,10384724.0
30954,4459825.5
30955,6502173.0
30957,5751488.0
30958,25631282.0
30959,7302862.0
30960,6973307.5
30961,7644864.5
30962,10197392.0
30964,4621213.5
30966,11771766.0
30967,12365490.0
30968,3570933.5
30971,12992774.0
30975,7775089.0
30976,5462517.5
30977,5830606.5
30978,7540783.5
30982,5676458.0
30986,7666798.5
30987,7896088.5
30988,5712309.5
30989,6894337.5
30990,13223982.0
30991,8388832.0
30993,6398524.5
30994,5255166.5
30995,6547649.5
30998,6932100.0
30999,6175305.5
31000,7486896.5
31002,8285848.5
31003,8235616.5
31005,2272623.5
31006,6381586.0
31007,5523124.0
31008,5122108.0
31009,6723230.0
31010,6179536.5
31013,6816087.5
31014,11262362.0
31015,7096971.5
31017,7170054.5
31018,5189772.0
31019,4298010.0
31020,5843760.0
31021,10039838.0
31023,7791217.5
31024,4741002.5
31025,6629592.5
31026,5718738.0
31028,4899314.5
31029,6663616.0
31031,7637980.0
31032,8597562.0
31034,6738940.0
31036,5840331.0
31037,21465854.0
31038,4390173.0
31039,8110257.5
31041,4072348.0
31042,2963215.75
31043,5789884.0
31044,8593918.0
31045,5935201.0
31047,7239654.0
31048,5943671.5
31049,3832530.5
31053,15956950.0
31056,9694036.0
31057,4835208.0
31059,2660272.0
31061,6657379.0
31062,5842235.0
31065,8430736.0
31067,8184129.5
31072,7360260.0
31074,5999417.0
31076,7322269.0
31080,5216828.5
31081,2781052.75
31082,11101456.0
31083,4255287.5
31084,7064790.5
31085,12573970.0
31086,3401988.75
31087,4759023.5
31088,7824069.0
31089,6209687.0
31090,28195986.0
31094,5915193.0
31095,4938778.5
31096,34370156.0
31097,10658466.0
31098,9814062.0
31099,13127606.0
31100,4716631.0
31101,4088651.75
31102,5611373.5
31103,11702814.0
31104,5123011.0
31105,7646575.0
31107,11848632.0
31108,5973204.5
31110,7241523.5
31111,10007790.0
31112,5602301.0
31114,4592811.5
31116,6114243.0
31117,5679802.0
31119,3425338.25
31120,4988028.5
31121,5046570.5
31122,5429321.5
31124,4892987.5
31126,13604172.0
31128,5968618.0
31130,12189130.0
31131,7289309.0
31132,8726620.0
31133,10212270.0
31134,5346574.0
31135,10452080.0
31136,8921688.0
31137,4116195.25
31138,6448573.0
31140,7174476.0
31141,7076356.5
31142,7452119.0
31143,4603466.5
31145,5791730.5
31146,5728465.5
31147,13269372.0
31151,5058824.0
31152,8060129.0
31154,15096524.0
31155,5943051.0
31156,8413750.0
31158,8081343.5
31160,5229833.0
31161,3421917.0
31162,4523888.0
31163,5623990.0
31166,5112138.0
31167,6121481.5
31168,9521758.0
31169,7965849.0
31170,5605612.0
31171,10999104.0
31173,9450372.0
31174,9849832.0
31175,15864992.0
31178,4145598.75
31179,4551330.0
31180,3803820.5
31181,6738325.5
31182,6238764.0
31184,5170499.5
31186,7453072.0
31187,3688389.5
31189,4339827.5
31190,6839595.5
31191,11798592.0
31193,5469362.0
31195,5544428.0
31196,4951673.0
31197,13775558.0
31198,4958869.0
31199,5402877.5
31202,3397735.25
31206,5757786.5
31208,4399292.0
31211,7190936.0
31213,10275092.0
31214,5496805.0
31220,5939473.5
31222,6789759.0
31223,7768721.0
31224,7132080.0
31227,7511382.5
31228,9143710.0
31229,4385697.5
31230,4996938.5
31231,3682066.5
31232,6681652.0
31233,5409876.5
31234,6703434.0
31236,5885191.0
31237,11886362.0
31238,5301993.0
31239,13140408.0
31240,5654400.5
31241,5341817.0
31243,3557188.0
31245,7706217.0
31246,9837772.0
31248,6634512.0
31249,7566686.5
31250,5921731.0
31253,7635786.0
31254,5514932.0
31255,12155614.0
31256,6208235.5
31257,4914755.0
31258,6814349.0
31259,9680476.0
31260,8378886.0
31261,14016616.0
31264,3904146.25
31265,9625106.0
31266,7388660.5
31269,7382121.0
31272,16819068.0
31273,7571066.5
31274,5262331.5
31275,5830724.5
31276,5021829.5
31277,5865509.5
31278,11235584.0
31279,10841008.0
31280,8407146.0
31282,10046852.0
31284,4139004.0
31285,4295061.5
31286,6957118.0
31287,8027772.5
31289,9272536.0
31290,5811175.5
31291,5779823.0
31294,3910007.75
31296,7558275.0
31297,6474346.5
31298,3871598.5
31299,7566686.5
31300,6653600.5
31302,5532076.0
31303,7199521.0
31304,6106073.0
31305,9761746.0
31306,3456765.5
31307,6141692.5
31308,7704740.0
31309,7637540.0
31311,5065583.5
31312,5075077.5
31313,12268734.0
31314,5198560.0
31315,7762661.5
31317,17846770.0
31318,8301770.5
31319,5609035.5
31320,5890224.5
31321,7276707.0
31323,6879599.0
31324,5530941.5
31325,5878461.5
31326,4730962.5
31327,7330686.0
31328,13328076.0
31330,9802314.0
31332,5426359.5
31333,4653563.5
31335,7025965.0
31336,7938233.0
31337,7002948.0
31338,3986412.0
31339,4724172.0
31340,5410727.0
31341,7755893.0
31342,3958112.5
31344,4049210.25
31345,5343086.5
31348,10781310.0
31349,10411388.0
31350,3553805.5
31351,5052308.5
31352,9580570.0
31353,4801592.5
31354,7180830.0
31355,8191357.5
31356,3980102.0
31358,2434955.25
31359,6023614.0
31361,4405525.0
31362,8319135.0
31364,3721189.0
31366,6404213.5
31367,9334026.0
31368,6104892.0
31369,4220296.5
31370,9221214.0
31372,5760626.5
31373,4698160.5
31374,5944227.0
31375,5551623.5
31376,5326271.0
31377,8516618.0
31378,5295817.0
31379,40136424.0
31380,4660345.0
31381,7516789.5
31382,5269439.0
31383,7149937.5
31384,25656396.0
31385,12870218.0
31386,7529120.5
31387,11917406.0
31388,5418037.0
31390,7526323.0
31392,10461572.0
31393,7250043.0
31394,5723752.5
31395,4067827.75
31396,8277477.0
31397,6392179.0
31398,1484793.25
31399,11552638.0
31400,4317819.5
31401,10911354.0
31402,7142763.5
31404,4372247.0
31405,4328876.0
31407,3065365.0
31409,3454143.25
31410,11371772.0
31411,6889746.5
31412,9914230.0
31413,7547726.0
31414,4582335.5
31415,11995922.0
31416,6176241.0
31417,4906119.0
31418,6276849.0
31419,8523720.0
31420,7094790.5
31421,7108625.5
31422,5797216.5
31423,6185337.5
31424,13874982.0
31425,5626884.0
31426,4521902.0
31427,4914946.0
31428,7897970.5
31429,13636682.0
31433,6084452.5
31435,11367294.0
31436,7078914.5
31437,9900788.0
31438,8984236.0
31440,6534572.5
31441,6232971.5
31443,11877966.0
31444,6423598.5
31445,5989726.0
31446,12131326.0
31447,6428716.0
31448,7724473.0
31449,7807571.5
31450,6218468.0
31451,7164042.0
31452,9807282.0
31453,3572612.25
31454,5229488.0
31455,7620249.5
31457,5120355.5
31458,15332948.0
31459,6988240.0
31461,3872305.0
31464,7066505.0
31465,5280409.5
31466,41996708.0
31468,14081584.0
31473,7417319.0
31476,19187638.0
31477,6998277.5
31478,5113473.0
31479,5876999.5
31480,10523558.0
31481,7952258.0
31482,9753476.0
31483,8229665.5
31485,2694890.5
31487,4783540.0
31488,12408580.0
31489,7530301.5
31491,6159812.5
31492,7251171.0
31493,10102466.0
31494,5466214.0
31495,5015883.5
31496,9465542.0
31497,4384764.5
31499,11153040.0
31500,10839132.0
31501,10010526.0
31502,9472050.0
31503,5436501.0
31504,8755476.0
31505,10581454.0
31506,7131069.5
31507,6088856.0
31508,6667332.5
31509,5509686.5
31510,4894409.5
31511,4741458.5
31513,28178276.0
31516,14465134.0
31517,5833771.5
31518,7722049.0
31519,5451395.0
31520,6157140.0
31521,4923750.5
31523,6361876.5
31524,8300858.0
31525,10585696.0
31526,5225134.0
31527,5404320.0
31528,4877223.0
31529,5792128.5
31531,9405510.0
31533,12191594.0
31534,7351355.0
31535,9207496.0
31536,7507521.5
31539,3987319.5
31540,7100257.0
31542,5553619.5
31545,7819419.0
31546,9764406.0
31547,5485223.5
31548,5689227.0
31550,4950480.0
31551,5243103.0
31552,6875071.0
31553,6121832.0
31554,7859189.0
31555,3705386.5
31556,6415731.5
31557,5421005.0
31558,7928685.5
31560,6451508.5
31564,7840721.0
31565,7081716.5
31566,5084350.5
31568,6545825.0
31569,6859640.5
31570,7486047.0
31571,6012198.0
31572,3762516.0
31573,5602708.5
31574,9999646.0
31576,5692428.0
31577,4429209.0
31578,7402493.5
31580,7436896.5
31581,5040782.5
31582,6877404.0
31583,7400923.5
31585,5298831.5
31586,11455656.0
31587,13761642.0
31588,9180322.0
31589,3787442.0
31590,5314707.5
31591,7178548.5
31593,7436953.5
31594,6329073.5
31595,5234704.0
31596,3967090.5
31597,5548993.5
31598,3778403.25
31599,5849947.5
31600,7145342.5
31601,13062182.0
31603,13051296.0
31604,4144375.75
31607,7299578.0
31609,5492375.0
31610,7114595.0
31612,5536270.0
31614,13342018.0
31615,7751738.0
31616,12695378.0
31618,5451293.5
31619,10003694.0
31621,6359827.5
31622,17651864.0
31623,9202838.0
31625,10256256.0
31626,5228626.0
31627,6486796.5
31628,10213414.0
31629,10041860.0
31630,3445109.75
31632,16289196.0
31633,4816747.5
31634,8102520.0
31636,5858898.0
31638,5956985.5
31640,10953440.0
31643,5014955.0
31644,10489392.0
31646,7362235.5
31647,5419226.5
31648,11564478.0
31649,5567255.5
31650,6125565.0
31651,11523266.0
31653,5177104.0
31654,5782498.0
31655,3793995.5
31656,21257002.0
31657,6389291.5
31659,7146418.0
31660,5344359.5
31661,4994911.5
31664,3653084.75
31666,5324780.0
31668,8204331.5
31669,12592562.0
31671,5659847.0
31672,7725661.5
31673,7484471.0
31674,7542196.0
31676,7303597.0
31679,6903612.5
31680,6359899.0
31681,6190751.5
31683,5408774.0
31684,4270890.0
31686,11402492.0
31687,10023640.0
31688,7868511.5
31690,6411078.0
31692,3350028.0
31693,6121193.0
31697,4296489.5
31699,5049558.5
31700,5191574.0
31702,5356390.0
31703,7659459.5
31704,5684577.0
31705,10610176.0
31706,5019612.0
31707,12557710.0
31708,7598854.5
31709,4674344.5
31710,10748670.0
31711,6580602.0
31712,8478048.0
31716,5678539.5
31719,6625041.5
31720,4851121.0
31721,4289894.5
31722,5396561.5
31723,4765051.0
31724,5928479.5
31725,4844295.0
31726,11899070.0
31727,4489311.0
31729,7294388.0
31732,7865563.5
31733,4118242.75
31735,2567435.75
31739,5821317.5
31740,7319328.5
31742,12327358.0
31745,3413078.25
31746,9278788.0
31748,12203082.0
31750,9662218.0
31751,7376411.5
31754,8908898.0
31755,10996256.0
31756,2255484.0
31757,5760738.0
31758,5345776.0
31762,2424755.25
31763,11875806.0
31764,5467999.0
31766,8218906.5
31769,8041511.0
31770,3907188.5
31772,7507699.0
31773,5212380.5
31774,6046456.0
31775,9884600.0
31781,7204805.5
31782,6486552.0
31784,5566143.0
31785,6108740.0
31787,5535571.0
31788,5095705.0
31792,5938060.5
31793,8493970.0
31795,5257002.5
31797,13120514.0
31798,6359340.0
31799,4093705.25
31800,5710988.5
31802,7117619.5
31803,7199146.5
31804,4298789.0
31806,6859013.5
31807,5966074.0
31808,7883063.0
31809,4698237.0
31810,3867962.25
31811,6865428.0
31812,6587003.0
31814,5394656.5
31816,4430775.0
31818,6325397.5
31820,12468348.0
31821,11534584.0
31822,5199538.5
31824,3372701.0
31826,5697100.0
31827,7315875.0
31828,5451832.5
31829,7144001.5
31830,5861520.5
31832,11389270.0
31833,10860302.0
31836,7943548.0
31838,7039318.0
31840,9414584.0
31842,7284467.5
31845,8834538.0
31847,4863388.0
31849,7281065.5
31850,5198560.0
31851,9836696.0
31853,7236545.5
31854,5330762.0
31855,4276591.5
31856,5286430.5
31857,9313612.0
31858,11099710.0
31860,6078615.0
31861,11751170.0
31864,3378582.25
31865,4050003.25
31867,6410162.5
31868,5642723.5
31869,8822072.0
31870,3543464.75
31872,10011478.0
31873,5759796.0
31875,5359795.5
31877,21032228.0
31878,3557449.25
31879,7798353.5
31880,9177794.0
31881,4180910.75
31882,18179226.0
31884,5025402.0
31885,5786121.5
31886,7062956.0
31887,10287254.0
31889,11548744.0
31890,4057343.75
31891,3302831.5
31893,17021414.0
31894,8073408.0
31896,3722636.5
31899,3791567.75
31900,5283522.5
31903,6144790.0
31909,7386386.5
31912,5656307.5
31913,6348115.0
31914,6341645.0
31919,6139587.0
31921,5835067.0
31923,11331448.0
31924,7473479.0
31925,5837030.5
31926,8061405.5
31927,10804152.0
31929,13684538.0
31931,6007481.5
31932,8502270.0
31933,6484517.5
31935,4694595.5
31936,4207645.0
31937,5840079.0
31938,5201219.5
31939,4754524.5
31941,21427522.0
31942,5393699.0
31943,7782365.5
31944,3842407.5
31945,5774917.5
31946,9703416.0
31947,7654194.0
31948,5689989.5
31949,9714782.0
31950,10830150.0
31951,5375594.0
31952,5452318.5
31954,8812032.0
31955,4495367.0
31956,9365596.0
31957,4034441.25
31958,3915254.75
31959,11247456.0
31960,6768313.5
31961,8546602.0
31962,4624291.5
31963,7028026.0
31965,5946604.0
31966,12694456.0
31967,12246128.0
31968,6845821.5
31969,25988966.0
31970,5441392.5
31972,5242313.0
31977,8521658.0
31978,4747461.5
31981,6366817.0
31983,10759134.0
31984,7492230.5
31987,6244291.0
31988,7715570.0
31989,12262644.0
31990,2752785.0
31991,9756676.0
31993,10423004.0
31995,7286372.0
31996,10825642.0
31997,5363289.5
31999,5137404.0
32001,42552784.0
32002,21359530.0
32003,9141636.0
32006,14657792.0
32007,7706137.5
32008,6295490.5
32010,7976655.0
32014,4168078.0
32015,6285039.0
32016,5826227.0
32017,9179962.0
32018,6741761.0
32019,5821825.5
32021,7760861.0
32022,5219348.5
32025,5369487.0
32027,6084905.0
32029,14311584.0
32032,7265704.0
32033,6278853.0
32034,3727205.0
32035,6231567.5
32036,6386583.0
32038,5989315.0
32039,7301089.5
32040,14643300.0
32042,5447861.0
32043,36348456.0
32046,7556984.0
32047,10451220.0
32048,12405588.0
32049,5650776.5
32050,9872060.0
32051,8506680.0
32054,6086276.0
32055,3950552.25
32056,9173260.0
32057,4460590.0
32058,4934448.0
32060,6479308.5
32061,9562378.0
32062,5037545.5
32063,6694611.0
32064,7949580.0
32065,5042632.5
32066,6125107.0
32070,13028092.0
32071,4343011.5
32072,3832443.5
32075,13732408.0
32076,20110536.0
32081,27164564.0
32082,5107573.0
32083,3366479.5
32084,5923001.0
32085,7748278.0
32086,8824904.0
32087,5097186.5
32088,19947066.0
32089,6987038.0
32093,5562453.5
32094,7420525.0
32095,6398545.0
32097,13164048.0
32098,6282460.0
32099,8245202.5
32100,7975393.5
32103,3583492.0
32105,5509472.0
32109,7190666.5
32111,14485594.0
32113,8447972.0
32114,7540809.0
32115,7151783.5
32116,6599535.5
32118,6211931.5
32119,7406737.5
32120,11850914.0
32121,3126510.25
32122,8198146.5
32125,10602398.0
32126,7641931.0
32127,6761173.0
32128,5348141.5
32129,5686553.0
32131,11574202.0
32133,3863210.0
32135,6493622.0
32136,11492216.0
32138,5512423.0
32139,6342682.5
32140,5826385.5
32143,9074422.0
32147,5103080.5
32149,10791258.0
32151,7530161.5
32155,5462524.5
32156,5125501.0
32157,12478464.0
32158,11734542.0
32160,5397145.5
32161,9282770.0
32162,7058172.5
32163,8438546.0
32164,15088486.0
32165,8081952.5
32166,7512516.0
32167,9833662.0
32168,10183212.0
32169,4502370.0
32170,12625942.0
32171,12525210.0
32172,6963301.5
32173,5984383.0
32174,10770584.0
32176,5084222.0
32177,9505756.0
32178,5076596.0
32179,7583850.5
32180,6252138.5
32182,5813084.0
32183,5468087.5
32184,13191734.0
32185,6551178.0
32186,7335965.0
32188,7715109.5
32191,4444104.0
32192,11154038.0
32193,6802337.0
32195,12323352.0
32196,14030388.0
32197,12000424.0
32198,5548514.5
32199,7689374.5
32200,9104738.0
32203,4142271.25
32204,6921712.5
32205,19477304.0
32207,8023342.0
32208,6026335.0
32210,6055055.0
32211,24638550.0
32213,6427355.0
32215,6074806.5
32216,6084875.5
32217,5745132.0
32219,9355198.0
32220,5380961.0
32221,7933287.5
32222,4380747.0
32224,5285092.5
32225,5980414.5
32226,7384490.0
32227,13627866.0
32228,11154424.0
32230,4564243.5
32231,17029708.0
32233,4825130.5
32234,14602778.0
32235,18513704.0
32236,7270107.0
32237,43493844.0
32238,5817498.5
32239,13746974.0
32240,7302286.5
32242,5270072.0
32243,7151585.0
32244,4924723.0
32245,6700349.0
32246,6585380.0
32247,7355076.5
32248,7420354.5
32249,6354054.5
32250,6665585.0
32251,5242910.0
32252,6735519.5
32253,7222990.5
32254,21650284.0
32255,4696940.5
32258,6413134.0
32259,5767743.5
32260,7909449.0
32261,19643814.0
32263,5640879.5
32264,5078087.0
32265,10703192.0
32266,10556226.0
32267,4287346.0
32268,4118871.0
32269,6546422.5
32270,10244136.0
32271,6727389.5
32272,3742727.0
32273,7792624.0
32276,7645262.0
32277,10584022.0
32278,7699388.5
32279,4268280.5
32280,5340248.5
32281,5515678.0
32282,7991158.5
32285,10194324.0
32286,12850242.0
32287,5666354.0
32288,4827650.0
32289,4342166.5
32291,5845226.5
32292,7151585.5
32293,4504512.0
32294,9445800.0
32295,5723920.5
32296,7757039.5
32298,7573064.5
32299,3328250.75
32300,6849507.0
32301,11855686.0
32302,8028671.0
32303,7291583.0
32305,4991856.0
32307,15433406.0
32308,4858670.5
32309,6317696.0
32310,5161438.5
32313,5777579.5
32314,6721066.0
32315,11294688.0
32317,11852438.0
32318,8825618.0
32319,5073967.5
32320,9199212.0
32321,6372553.5
32322,4094313.0
32324,8316551.0
32325,4239836.5
32326,4658555.5
32327,5366746.5
32328,7848917.0
32329,5483148.0
32330,5806189.5
32331,6096475.0
32332,7606493.5
32333,6478332.0
32334,4890879.0
32335,7963387.0
32336,7777198.5
32337,5466454.0
32339,7559667.0
32340,6664490.5
32341,6833674.0
32342,5162833.5
32343,7318180.5
32347,4802440.5
32348,6508919.0
32349,5732574.5
32351,6274467.5
32352,9799830.0
32353,5060138.0
32355,6047356.0
32356,5490020.0
32357,7124584.0
32358,7262873.0
32359,18450906.0
32360,5203702.0
32361,7199479.5
32362,9589500.0
32363,6822167.5
32364,5027931.5
32365,7684507.5
32366,7048418.0
32367,4111640.75
32368,5306771.5
32369,7717181.0
32371,7744789.5
32372,8551428.0
32373,9574716.0
32376,6392463.0
32377,5464304.5
32378,6165121.0
32379,4905040.0
32380,9235486.0
32382,11338512.0
32385,9013216.0
32386,7778067.0
32387,3572582.0
32389,8706900.0
32390,4579424.5
32392,6862742.0
32393,6013267.0
32396,4231945.5
32399,9362154.0
32400,6055118.5
32401,6537751.0
32403,11175336.0
32404,5086280.0
32405,13851232.0
32406,9384504.0
32407,6324470.0
32408,4599910.5
32409,18960914.0
32410,5281643.5
32411,6046940.0
32412,7917420.5
32413,11488116.0
32416,9690794.0
32417,7107162.5
32418,5946187.5
32420,7092774.0
32421,1610459.25
32422,4193489.75
32424,6750369.0
32426,7630579.0
32427,10918456.0
32428,6631698.5
32429,8426868.0
32430,3716652.0
32431,8469084.0
32432,10733312.0
32433,3417968.5
32434,11460602.0
32435,6139451.0
32436,7576757.5
32437,8474562.0
32438,6920696.5
32439,4828000.5
32440,6298819.5
32442,9348038.0
32444,5188458.5
32445,6957700.0
32446,8076038.5
32448,6107210.0
32449,10846164.0
32450,5670516.0
32451,9401570.0
32452,5919351.5
32453,5744144.0
32454,4147736.5
32456,5853435.0
32458,7672097.5
32460,5457140.0
32461,12616570.0
32462,8618684.0
32463,3958589.5
32464,15239384.0
32465,4259478.0
32466,7919755.0
32467,5179352.0
32468,7459571.0
32469,8077108.0
32470,10704666.0
32471,19403724.0
32472,6182767.0
32473,5810315.0
32474,4422127.5
32475,12454780.0
32476,5834948.5
32479,4100018.0
32480,10883534.0
32481,5353054.5
32483,7928178.5
32485,11375492.0
32486,6950431.5
32488,11922582.0
32489,14702952.0
32490,5843359.5
32491,6717117.0
32492,8551428.0
32493,5647444.5
32494,6006624.0
32497,6984414.5
32498,13017382.0
32499,11533206.0
32500,5136461.5
32501,6986621.0
32502,7079711.0
32504,4608156.5
32505,7369686.0
32506,5827648.5
32507,3281563.0
32508,6169132.5
32509,4454416.5
32510,16837706.0
32512,5762373.5
32515,6752703.5
32516,5742670.5
32517,9246776.0
32521,6494317.0
32522,5960711.5
32524,7239929.5
32525,5676736.5
32526,6837949.0
32527,6549642.5
32530,5456387.5
32532,14218288.0
32533,5619646.0
32534,4898589.0
32536,11507424.0
32537,5515782.5
32538,7501651.0
32539,5021908.0
32540,6856792.0
32541,10672598.0
32542,5747358.0
32546,10205886.0
32547,5757350.0
32548,4441666.0
32550,6291281.0
32551,4910351.0
32552,5843804.5
32553,6406865.5
32554,8513902.0
32555,9577414.0
32556,7741242.5
32558,5391977.0
32559,8476410.0
32560,5977698.5
32561,5391522.0
32562,10187706.0
32563,6080552.5
32564,4939207.5
32565,7263517.5
32566,4331861.0
32567,4506734.0
32568,7856114.0
32569,6155998.0
32570,5818673.5
32571,6079531.5
32573,7422785.0
32574,6356253.0
32575,5070566.0
32577,4428737.0
32578,6611438.0
32580,4624429.0
32584,4344071.0
32587,5782311.0
32588,5617189.5
32590,8683522.0
32591,8060331.5
32592,4017880.75
32593,3430700.0
32595,5521164.5
32596,8596488.0
32597,7248851.5
32598,7755618.0
32599,5562352.5
32600,7346766.0
32601,4207296.0
32603,5071144.0
32604,5095199.5
32605,4730435.5
32606,5428605.5
32608,6896431.0
32609,7185412.5
32610,6352176.0
32611,6783617.5
32612,3578237.0
32613,5666327.5
32614,9473232.0
32616,5125060.0
32617,7567410.0
32618,5892877.5
32619,4046519.25
32620,6656913.0
32621,6101506.0
32622,15076648.0
32623,9100964.0
32624,12442926.0
32625,7901127.5
32626,5531046.0
32627,7700264.0
32629,10906582.0
32630,5109380.5
32631,5504977.5
32632,6175734.0
32633,6079348.0
32634,5725146.5
32635,6334967.5
32636,4658896.5
32637,7186674.5
32638,6046202.5
32640,5057490.5
32641,6003053.0
32642,6204172.5
32645,5951217.5
32646,6541730.0
32647,12756406.0
32648,6160572.5
32650,7684175.5
32652,8847912.0
32653,11171988.0
32654,5386046.5
32655,9303786.0
32656,4826088.5
32657,5051379.5
32658,7313699.5
32659,3971601.5
32660,9371416.0
32661,6654855.5
32662,12722690.0
32663,10042362.0
32664,10407814.0
32666,7035889.5
32667,6237294.0
32668,5778216.5
32669,5595010.0
32670,6611024.5
32671,5937637.5
32672,4122895.25
32673,7609674.5
32674,5513058.5
32676,6031332.5
32677,4327267.5
32678,8650046.0
32679,4246212.5
32680,16453008.0
32681,7424389.0
32683,11766118.0
32684,6241623.0
32685,5825975.5
32686,6894154.0
32687,5089519.5
32688,6020258.5
32690,7606343.0
32691,8093530.0
32692,10309856.0
32693,6989160.5
32695,7114948.0
32696,3397581.0
32697,6591847.5
32698,5385954.0
32699,5170241.5
32701,10747282.0
32702,13190680.0
32703,8029216.5
32704,10391178.0
32705,9215938.0
32706,4781007.5
32707,7409659.5
32708,6132317.5
32709,5634253.5
32710,10668634.0
32711,6314823.0
32712,7373034.5
32713,5264557.5
32714,5956985.5
32715,4064403.0
32716,4205782.5
32717,6998858.0
32718,7211669.0
32719,4724618.5
32720,4701996.5
32721,13666160.0
32723,4202845.0
32724,7528816.5
32725,16498720.0
32726,4835185.0
32727,4309620.0
32728,8601730.0
32729,5275509.0
32730,8001668.0
32731,5441606.5
32732,5607866.5
32733,5962608.5
32734,4236144.5
32735,5862977.0
32736,4109500.0
32737,5416413.5
32738,7295755.0
32739,19523756.0
32740,5208667.5
32741,6301436.0
32742,12668336.0
32744,11404148.0
32745,6010635.0
32746,10032028.0
32747,6659886.0
32748,4320325.5
32750,8270889.0
32751,6344330.5
32752,31481686.0
32753,5339739.0
32754,7172358.5
32755,6315936.0
32756,7089466.5
32757,11060198.0
32758,6561451.0
32759,5251596.5
32760,5232547.0
32761,4837468.5
32762,7370060.5
32763,5773640.5
32764,5639065.5
32766,6576892.5
32767,5379483.0
32768,5161521.5
32769,5920625.0
32770,6470476.0
32771,12019600.0
32772,13472286.0
32774,6926028.5
32775,5549938.5
32776,5189702.5
32777,5565857.5
32778,5424137.5
32779,4126457.0
32780,5894722.0
32781,6875418.0
32782,6045233.5
32783,8372954.5
32784,9975608.0
32785,5904457.5
32787,9328784.0
32788,4862820.5
32789,4109658.25
32790,4806893.5
32792,5349875.0
32793,14863024.0
32795,4782117.5
32796,5841726.0
32797,6538363.0
32798,7496694.5
32799,12278192.0
32801,5390900.5
32802,6974102.0
32803,4446573.5
32804,7617783.0
32805,9570450.0
32806,5260729.0
32807,4643336.0
32808,5411093.0
32810,5555217.5
32811,7254872.0
32813,6065569.5
32815,4761844.0
32817,5038056.5
32818,7735206.0
32820,4987642.0
32821,13257020.0
32822,5699154.0
32824,5897987.0
32825,5682908.5
32826,9666290.0
32827,7389033.0
32828,5383782.5
32829,5585151.0
32831,5564887.0
32832,3246951.0
32833,12875086.0
32834,9793476.0
32835,6334198.5
32836,5460228.5
32837,5727914.5
32838,4768663.5
32839,20132142.0
32840,6379038.0
32841,5236057.0
32842,5421841.0
32845,7579556.5
32846,12694200.0
32848,8892276.0
32849,3694446.75
32850,6573996.0
32851,9229516.0
32854,7632872.0
32855,7370871.0
32856,4488215.5
32857,7975962.5
32858,3355136.25
32859,5542838.0
32861,5247570.5
32862,5770825.5
32864,7275159.0
32865,6497482.0
32867,4237283.0
32868,7836185.5
32869,6342287.0
32870,4871631.5
32871,4788495.0
32872,8429338.0
32873,4590745.0
32874,4718236.5
32875,6384634.0
32876,6342515.0
32877,8192162.5
32878,10899984.0
32880,8304802.5
32881,7460220.0
32883,4685276.0
32884,6294771.5
32885,4894741.0
32886,4807783.5
32887,4932057.5
32888,6691305.5
32889,4218886.0
32891,5863785.5
32892,4893329.5
32893,10520960.0
32894,4531359.0
32895,7711684.0
32896,5395544.5
32897,3762010.75
32898,9869892.0
32899,8241504.5
32900,5744725.5
32901,6924297.5
32902,6823372.0
32903,6391757.5
32904,10999514.0
32905,6456268.5
32906,7202887.5
32907,4412601.5
32908,7425047.0
32909,3093663.25
32910,6795794.5
32911,9541330.0
32912,5947732.0
32915,5499834.5
32916,12446696.0
32917,5879997.5
32918,9358548.0
32919,11745414.0
32920,4861146.0
32921,5214266.0
32922,5292795.0
32923,5264323.0
32924,2573929.75
32925,4616050.0
32926,3959723.0
32927,8458804.0
32928,7842649.0
32929,11304636.0
32930,5120376.0
32931,5964194.0
32932,5236288.0
32933,5551938.5
32934,4594152.5
32935,11878500.0
32936,4332686.0
32937,4595762.5
32938,5832326.0
32940,6923368.5
32941,9519774.0
32943,5111069.0
32944,5140560.0
32945,4839288.0
32946,7183374.5
32948,12896222.0
32949,5657310.5
32950,4284572.0
32951,7317664.5
32952,6890688.5
32954,7037530.0
32955,8649970.0
32956,5579609.0
32957,8445024.0
32958,6988567.0
32959,9486394.0
32960,4574147.5
32961,9181430.0
32962,4491441.0
32963,7546372.0
32964,4984288.5
32965,8550416.0
32966,6176191.0
32967,6732323.0
32968,6028018.0
32969,5552605.0
32970,5400910.5
32971,5264005.5
32972,5284558.0
32973,5374104.0
32974,5895736.5
32975,8065378.5
32976,6319485.0
32977,5002313.5
32978,5944955.5
32980,4916544.0
32981,5469743.5
32982,5634715.0
32983,6944905.5
32984,5004009.5
32985,4684605.0
32988,6234672.0
32989,4108230.25
32990,5898464.5
32991,3750908.5
32993,4708928.0
32995,7306872.0
32996,7391788.0
32997,7170780.5
32998,16609368.0
32999,3878426.0
33000,5474191.5
33001,5317688.5
33002,5653826.0
33003,4560723.0
33004,6219886.5
33005,6014705.0
33006,12301338.0
33007,5219965.0
33008,4314454.5
33009,7222173.5
33010,5412063.0
33012,5108073.0
33013,4215523.0
33016,4844568.0
33017,5124177.0
33018,5521498.5
33020,6104174.5
33022,6227531.5
33023,7295725.5
33024,17016156.0
33025,4622018.0
33028,6567149.0
33029,6315581.5
33031,3826512.75
33032,8310768.5
33033,8909208.0
33034,3821336.5
33035,6432948.5
33036,5568983.5
33037,7532937.5
33038,6412781.0
33039,8172337.0
33040,11458752.0
33041,3557116.75
33042,10187164.0
33043,6690930.0
33044,5427825.0
33045,10074480.0
33046,6503898.0
33047,7507591.5
33048,8847594.0
33049,16397130.0
33050,8785666.0
33051,5678839.5
33052,9140822.0
33053,7440214.0
33054,3976637.75
33055,10089560.0
33057,7440992.5
33058,5776746.0
33059,8542580.0
33060,4581209.0
33061,3584517.5
33062,6603627.5
33063,7243783.0
33064,5191995.5
33065,6216265.0
33066,9711148.0
33067,5294293.0
33068,7419739.5
33069,12378418.0
33070,8673554.0
33071,11174752.0
33072,5154065.5
33074,12911224.0
33075,5386770.5
33077,7251243.0
33079,7808127.5
33080,7037128.0
33081,14754416.0
33082,8959886.0
33083,6448606.5
33084,5062244.0
33085,10047302.0
33086,10831906.0
33087,4984881.0
33088,3905092.75
33089,10443004.0
33090,7348795.0
33091,5021074.5
33092,5253711.0
33093,12766806.0
33095,3953393.25
33096,8290218.0
33097,5421584.0
33098,5788708.0
33099,5421595.5
33101,6342896.0
33102,5518630.5
33103,1773271.375
33105,9485900.0
33106,4839950.0
33108,12109582.0
33109,6320158.0
33111,5764284.5
33113,6810184.5
33114,4301461.0
33115,7610687.5
33116,5602252.5
33117,4825590.5
33118,11618734.0
33119,10731524.0
33120,3463599.25
33121,5789986.0
33122,4752557.0
33123,26600408.0
33124,3770055.25
33125,6902789.5
33126,5530535.5
33127,6298325.0
33128,5418581.0
33129,14024292.0
33132,4714868.5
33133,22944006.0
33134,7260919.0
33135,7918480.0
33136,7459922.0
33138,13378978.0
33139,6696711.0
33140,5926569.0
33141,7882796.5
33142,8048120.5
33143,3430824.25
33144,4344668.5
33145,6357389.5
33146,6100694.5
33147,3698675.5
33148,6451298.0
33149,14926590.0
33150,4696881.0
33151,6263127.5
33152,13867820.0
33153,15955078.0
33154,6831589.5
33155,11477514.0
33156,8054564.5
33157,5080168.0
33158,15990934.0
33159,4724101.0
33160,4146501.75
33161,5383429.0
33162,7248788.5
33163,6186089.0
33164,5540607.5
33165,7067527.5
33166,5519919.5
33167,5218030.5
33168,6729190.5
33169,4327104.0
33170,5992123.0
33171,7859708.0
33172,10773324.0
33173,4240626.5
33174,5517699.0
33176,5663124.0
33177,6110175.5
33178,5566200.0
33179,13077334.0
33180,5494740.5
33181,5243494.0
33182,4744163.0
33183,4313031.5
33184,5175083.5
33185,7379364.0
33186,4798017.5
33187,5785742.5
33188,5987830.5
33189,6805534.5
33190,5640716.0
33191,14837942.0
33192,8805640.0
33195,7746191.5
33197,6539721.0
33198,4773968.5
33199,6424951.0
33200,4021139.75
33201,5564995.0
33202,10548646.0
33203,6895774.0
33204,6033681.5
33206,5831454.5
33207,10874258.0
33208,8854722.0
33209,6045036.5
33211,5551601.0
33212,4939048.0
33213,4185854.25
33214,7041307.5
33218,4831183.5
33221,4909987.0
33222,4959275.0
33224,10730638.0
33225,7114335.5
33227,4230713.5
33228,4103105.75
33229,6786149.0
33230,6377007.0
33231,7395139.0
33234,13679112.0
33236,7378880.5
33237,13930308.0
33238,6167333.0
33239,5795512.0
33240,6678244.5
33241,6070767.5
33242,5068251.5
33243,4668964.5
33245,6572847.5
33246,6140931.0
33248,11252480.0
33249,12968636.0
33250,12113730.0
33251,7247882.5
33253,5034355.0
33254,4926210.0
33255,6963574.5
33256,7662613.0
33257,5774865.5
33258,21742632.0
33259,5050470.5
33260,4923470.0
33261,7233225.5
33263,6399113.0
33264,8279719.0
33266,6468267.5
33267,5684503.0
33268,5485545.0
33269,9324566.0
33270,3447227.0
33272,5507645.0
33273,6797813.5
33274,5367863.5
33275,6405081.5
33276,11138730.0
33277,5725966.5
33278,4929168.0
33279,6082798.5
33280,5303520.5
33281,6625599.5
33282,6813724.5
33283,5566412.5
33284,5723392.5
33285,11807212.0
33286,4822615.5
33288,8746588.0
33289,5268082.5
33290,6386949.5
33291,5219969.5
33294,5475511.0
33296,4366739.5
33297,7021143.0
33298,8652762.0
33299,12111646.0
33301,8210433.0
33302,4491416.5
33303,8545150.0
33304,11534204.0
33305,5888661.0
33306,6570720.5
33307,9471862.0
33308,5485575.0
33309,6956819.0
33310,13872726.0
33311,6197820.0
33313,4741173.0
33314,8662700.0
33315,8364441.5
33316,6645149.5
33317,7489641.0
33320,8751942.0
33322,4688608.0
33324,11443884.0
33325,10425740.0
33327,6606849.0
33328,6407110.5
33329,10319138.0
33330,3407075.0
33331,19180290.0
33332,4301613.5
33333,9951910.0
33334,5659373.5
33335,11441658.0
33338,9633692.0
33339,5867820.0
33340,7518551.5
33341,7528027.5
33342,22522104.0
33344,5213529.0
33345,6209472.0
33346,12944502.0
33348,5809671.0
33349,5440974.0
33350,4878903.5
33351,11152468.0
33352,5275509.0
33353,6601087.5
33354,5689005.5
33355,4900386.5
33357,7381338.0
33358,2776273.75
33359,10636420.0
33360,4188963.75
33361,8812994.0
33362,2248812.5
33363,6272913.0
33365,7773527.0
33366,14774232.0
33367,5904540.5
33368,9360712.0
33369,6720495.5
33370,5218788.0
33371,6294793.5
33372,5071505.5
33373,5862813.0
33374,5957082.0
33375,5945873.5
33376,5378171.0
33377,7586453.0
33378,27148846.0
33379,5477443.5
33380,6838890.0
33381,6245475.0
33382,4126457.0
33383,6444514.0
33385,2378908.0
33386,10242804.0
33387,7030051.0
33388,7630879.5
33390,6482334.0
33392,12783114.0
33393,7025159.5
33394,5312142.5
33395,9172304.0
33396,6805760.5
33397,6002270.0
33398,5661162.5
33399,10121604.0
33400,17159734.0
33401,10509926.0
33402,3803586.75
33403,5032076.0
33404,10067470.0
33405,8099510.5
33406,5334055.5
33407,5448568.0
33409,5773138.5
33410,6713875.0
33411,5655538.0
33412,11548030.0
33413,5364785.0
33414,7407290.0
33415,18330252.0
33416,11153092.0
33418,6652970.5
33419,7162606.5
33420,9899854.0
33421,7384498.0
33422,6734688.5
33424,8001158.0
33425,5929877.0
33426,6994823.0
33427,18057012.0
33428,4465912.0
33432,5277671.0
33433,5282120.0
33434,6274558.0
33435,7103100.5
33436,5394165.5
33437,5438829.0
33439,3992315.0
33443,6319110.5
33444,14887952.0
33446,8270818.0
33447,3977368.75
33448,7572379.5
33449,10935892.0
33450,5165145.0
33452,8801146.0
33453,4947559.0
33454,5703800.5
33455,6888132.5
33456,5796250.0
33457,5389012.5
33458,4185149.0
33459,15434144.0
33460,10670666.0
33461,11714182.0
33462,7893759.0
33463,4786054.0
33464,11913742.0
33465,4781775.0
33466,3873984.75
33467,5631147.0
33468,4327385.5
33470,5970587.5
33473,6032348.5
33474,4486065.5
33476,5862144.0
33477,6463275.5
33478,6540656.0
33479,9847796.0
33481,6829007.5
33484,6131441.5
33485,15082264.0
33486,13584610.0
33488,9265032.0
33489,10404914.0
33490,11115862.0
33491,7144412.0
33492,6110338.5
33494,6564011.5
33495,8181540.0
33496,7829748.0
33497,10999094.0
33498,6456140.5
33499,5555394.5
33500,6033441.5
33502,4915731.5
33503,9302268.0
33504,9776420.0
33505,6210548.0
33506,10230010.0
33507,6652040.5
33508,5428663.0
33509,5460562.5
33511,6332498.0
33513,16124578.0
33516,4846742.5
33517,8058101.0
33518,6979114.5
33519,6516450.5
33520,5759709.0
33521,7105337.0
33522,4096574.5
33523,6623047.5
33525,6427447.0
33526,7988058.0
33527,6354417.0
33528,6011339.5
33529,4230963.5
33530,5678383.5
33531,5683225.5
33532,4582169.0
33533,6309935.5
33534,4281577.5
33535,8862056.0
33536,7483050.5
33537,3426842.75
33538,7259887.0
33540,9064458.0
33541,12620496.0
33542,18045536.0
33543,8949794.0
33547,6795661.0
33549,7783450.5
33550,15250834.0
33551,7086375.5
33552,6170918.0
33554,7475374.0
33555,14159912.0
33556,4056324.0
33557,7637708.0
33558,32358584.0
33559,8075234.0
33560,5029494.5
33562,7543060.0
33563,6523024.5
33564,5602737.5
33565,5631551.0
33566,7906597.0
33569,4786415.0
33570,9827606.0
33573,4043311.75
33574,6984874.0
33575,5525903.5
33576,4739972.0
33577,7605439.5
33578,11470592.0
33579,8977004.0
33581,5986321.0
33582,8626802.0
33584,4464275.5
33585,4807753.0
33586,4735573.5
33587,5433313.5
33589,7426387.0
33590,4850263.5
33591,8832530.0
33592,7067497.5
33594,10557444.0
33596,6889357.0
33597,6092029.0
33598,4364872.0
33599,5246264.5
33601,5474205.0
33603,6241227.5
33604,4131418.5
33605,7076190.0
33606,5027666.5
33607,8116698.5
33608,10976960.0
33609,6593385.0
33610,10116730.0
33611,5741829.0
33612,4611831.5
33614,3991511.5
33616,8832508.0
33617,6174046.0
33618,3476529.25
33619,9411800.0
33620,6706645.0
33622,7247102.0
33623,6550323.0
33626,10919056.0
33628,4352171.5
33629,8359313.5
33630,5826886.0
33631,11117420.0
33632,5773522.5
33633,4152202.75
33634,13604384.0
33635,8140900.0
33638,8475772.0
33639,8685174.0
33640,11579864.0
33641,7364283.0
33642,10467340.0
33643,3874588.75
33644,6318541.0
33645,6152272.5
33647,5882535.0
33648,6530149.0
33649,6029535.0
33650,5773522.0
33651,5886686.0
33652,7771514.5
33654,5405119.5
33656,3861852.75
33657,7966640.0
33658,7390243.0
33659,6819678.0
33660,7657711.5
33663,6755830.5
33664,7597445.0
33665,8433688.0
33666,5690620.0
33667,3748183.0
33668,6802681.5
33670,5058377.5
33671,5200057.5
33674,5752228.0
33675,8970412.0
33676,3718023.0
33678,9312384.0
33680,7049559.0
33681,9627326.0
33682,7442321.0
33683,6630909.0
33685,7629861.5
33686,8046364.0
33687,6256623.0
33689,4546763.5
33690,4723388.0
33691,5673004.5
33692,5474084.5
33694,4993677.5
33695,6664394.0
33696,5579078.5
33697,4537829.5
33699,11429476.0
33700,3637446.5
33701,5934810.0
33703,7789689.0
33704,3738473.0
33705,8059564.5
33706,7510215.5
33707,4285581.0
33708,2988963.5
33709,6352378.0
33710,6106715.5
33711,10891148.0
33712,10396282.0
33713,4756508.5
33716,4326806.0
33717,8829978.0
33719,6347800.0
33720,4766888.0
33721,5606834.0
33723,4411460.5
33724,5527869.5
33725,4890277.0
33726,7476543.5
33727,7234100.5
33729,4585767.0
33730,4980285.5
33731,16306094.0
33732,6844123.0
33734,5709543.0
33735,6924521.5
33737,11201552.0
33739,6859616.5
33740,4262592.0
33741,11928016.0
33742,5255441.0
33743,5995051.0
33744,4870906.5
33748,5931756.5
33750,9654206.0
33751,5600110.5
33752,4422402.0
33753,10977012.0
33754,7588315.5
33755,9383790.0
33756,7014053.0
33757,5246760.0
33758,5601470.5
33762,5140945.0
33763,5286777.0
33766,5162233.5
33767,10852074.0
33768,5993390.0
33769,7721261.0
33770,3767124.5
33771,4738590.5
33772,6640976.5
33773,5996595.0
33775,4415256.5
33776,5714322.0
33778,7447857.0
33779,10093898.0
33780,15746760.0
33784,5914421.0
33785,10718330.0
33786,7522918.0
33787,6884251.5
33789,5424099.5
33790,4597456.0
33791,7360668.0
33792,4807749.0
33793,9539162.0
33794,4572800.0
33795,5457176.0
33796,8676964.0
33797,8963622.0
33798,7735776.5
33800,5918873.5
33801,6223566.5
33802,5977212.5
33803,5983513.5
33804,11726258.0
33805,4106476.0
33806,7683329.5
33807,9347408.0
33808,5406727.5
33809,19842072.0
33810,6780348.0
33811,11224008.0
33813,4410576.5
33814,14450002.0
33815,13683888.0
33817,7129007.0
33819,4587530.5
33820,5318446.0
33821,6923315.0
33824,10523356.0
33827,5209068.5
33828,5680592.5
33829,8540202.0
33831,7973344.0
33832,6091767.5
33837,4516752.5
33838,8503038.0
33839,6014968.5
33840,8341155.5
33841,10584174.0
33842,10952274.0
33846,5247365.5
33848,6719789.0
33849,13824146.0
33850,3719942.0
33851,4927860.0
33852,7198013.5
33853,7424823.5
33854,5663965.5
33855,6310590.5
33857,8052478.5
33858,7236329.5
33861,4603671.0
33862,4840361.0
33863,4739576.5
33864,6550907.0
33866,7315130.0
33867,5241794.0
33868,12059652.0
33871,5639220.5
33872,6218219.5
33873,6488803.5
33875,9968236.0
33876,7431124.5
33877,7337267.5
33878,5845740.5
33879,6882983.5
33880,4491090.0
33881,6413753.5
33882,5802391.5
33883,4276326.5
33884,6640431.0
33885,6216592.0
33887,7504964.5
33888,11940344.0
33889,6182495.5
33890,7518955.5
33891,6933714.0
33892,4144486.5
33893,8106664.5
33898,5297602.0
33900,9861476.0
33901,5977787.0
33902,6248417.0
33904,6253880.5
33905,5744495.5
33906,5578898.5
33909,6216592.0
33910,4576168.5
33911,5925456.5
33912,3825708.25
33913,5871100.0
33915,18994594.0
33916,6010572.0
33917,5544291.0
33918,9377496.0
33922,4619497.5
33923,9735966.0
33925,10095982.0
33927,9971082.0
33928,7558320.0
33929,7890182.5
33930,5777905.0
33932,5385615.5
33934,4588046.0
33937,5535670.0
33938,6103865.0
33940,15569570.0
33941,7463445.0
33942,8644226.0
33943,8797522.0
33944,6081715.5
33945,10877910.0
33946,5862755.5
33949,5635030.5
33950,6430873.0
33951,4914841.5
33952,5102059.0
33953,5056251.5
33954,20143016.0
33955,5694686.0
33956,11735282.0
33959,5394165.5
33960,5363632.0
33961,7570019.0
33964,6692623.5
33965,3562170.0
33966,5623643.5
33968,7182298.0
33970,4537864.0
33971,5125367.0
33972,8328918.0
33974,4422435.5
33975,8944514.0
33976,11909812.0
33977,5963349.0
33978,8253834.0
33980,19884564.0
33982,4182223.0
33984,4394786.5
33985,6405870.5
33986,7179256.5
33987,5315016.0
33988,3146891.75
33989,6640327.0
33991,5001573.0
33993,14858052.0
33994,8515396.0
33995,6368563.5
33996,7197177.5
33997,5731297.0
33998,7775690.5
33999,5243796.5
34000,4892002.0
34001,8235047.5
34002,6691945.0
34003,4525718.0
34004,4310112.5
34006,12997568.0
34007,6948355.5
34008,5483622.0
34009,6149329.5
34012,8078066.0
34013,6441241.5
34014,8284437.0
34017,10184882.0
34018,9681214.0
34020,7027181.5
34021,6152185.5
34022,5708584.0
34023,6040401.5
34026,9672380.0
34027,6325263.5
34028,6820640.5
34029,2571739.25
34030,4186666.0
34032,7653119.5
34034,7104281.5
34035,3987256.75
34036,8651506.0
34037,4675562.5
34040,7875714.0
34042,8926288.0
34045,8093129.0
34046,5524586.0
34048,7950227.5
34052,5453488.0
34054,7228169.0
34055,4399532.5
34056,3746842.75
34057,5417600.0
34059,6442091.0
34060,3666800.5
34061,6271161.5
34062,3108621.5
34063,7113617.0
34065,5302654.5
34067,5975453.5
34068,10370326.0
34071,4138392.5
34073,5670279.5
34074,10214626.0
34075,5013976.5
34076,6229477.5
34077,5572647.5
34078,10744534.0
34079,8521992.0
34080,5785543.5
34081,5288816.5
34083,5797093.5
34084,6135132.5
34085,5732198.0
34086,6974262.0
34087,4542333.5
34088,5318788.5
34089,4745782.0
34090,4910111.5
34091,6635209.0
34094,5869040.5
34096,6623977.5
34097,12624528.0
34099,7115452.5
34100,5313668.5
34101,9013102.0
34102,6233777.5
34103,6458001.5
34105,4298875.5
34106,6004554.0
34109,10325590.0
34111,4573094.0
34113,5509348.0
34114,6231099.0
34115,3697429.0
34117,6772115.0
34119,7876516.5
34122,3840861.5
34124,6180257.0
34125,3904337.25
34126,12302808.0
34128,5178261.5
34129,5166557.0
34131,15605084.0
34133,12766428.0
34134,6232325.5
34136,6430009.0
34137,4994559.0
34138,5835078.0
34139,6592118.5
34140,6286725.0
34142,6049437.0
34144,10529636.0
34145,4251113.0
34146,10192654.0
34147,6536234.0
34149,4455323.0
34150,11840858.0
34151,5385124.0
34152,9467842.0
34154,6814241.0
34157,7931790.0
34158,5632292.5
34159,9890538.0
34160,7144341.0
34162,7885351.0
34163,5473331.5
34164,3647191.0
34165,6978373.0
34168,6225165.0
34172,6221740.5
34173,7643428.0
34176,4790813.5
34177,5765276.0
34178,6360350.0
34179,5615055.0
34180,9155336.0
34181,4526341.5
34184,5528170.0
34185,7256759.0
34186,8975944.0
34187,5626410.0
34189,5938102.5
34190,5812091.5
34191,10986212.0
34192,5902151.5
34193,4479200.5
34194,6163811.0
34196,3884569.75
34198,6315369.0
34199,6740202.0
34200,7159927.0
34201,4902498.0
34202,9949782.0
34203,8483956.0
34204,6613971.0
34205,7214322.0
34207,3809915.75
34208,8188629.0
34210,12555638.0
34211,7308067.0
34212,4751317.0
34213,12985916.0
34214,7666368.5
34215,3168001.0
34217,5541537.5
34219,4572702.5
34220,4601130.5
34222,5393206.0
34224,7414868.5
34226,6914626.0
34227,6317974.0
34228,8469766.0
34229,5828452.5
34231,6308193.0
34232,4355447.0
34233,14087654.0
34235,4332864.0
34236,5192137.0
34237,17531330.0
34238,9711286.0
34239,5221139.5
34240,4818201.5
34241,3836560.0
34242,4989145.5
34243,5696088.0
34245,5735915.5
34246,6576614.0
34247,10157036.0
34248,4744460.0
34249,4337671.0
34250,5521717.0
34251,7063402.5
34252,9109144.0
34253,6494630.0
34254,6806956.5
34255,4706612.0
34256,11670970.0
34258,5587107.5
34259,12997426.0
34261,6733862.5
34263,4852940.0
34264,5830119.5
34265,8745378.0
34266,3786421.5
34267,7529217.0
34268,8533792.0
34269,5608957.0
34270,11649324.0
34271,5344532.0
34272,9927938.0
34273,5109474.0
34274,7538663.5
34275,5497238.0
34276,9413898.0
34277,16247996.0
34278,2989480.5
34279,11374538.0
34280,5345041.0
34281,3995794.75
34283,10611592.0
34284,8138118.0
34285,4760481.5
34286,5356752.0
34287,6442068.5
34288,5403350.5
34289,10871748.0
34290,6219341.0
34291,8374083.5
34294,13156296.0
34295,7476665.5
34296,5716733.0
34298,6470059.0
34299,6085988.0
34300,6436198.5
34301,7583586.0
34302,4679966.5
34303,6916056.0
34304,6511551.5
34305,12771464.0
34306,5367333.0
34307,8497604.0
34308,9278980.0
34309,5279999.5
34310,5905502.5
34311,6562183.0
34312,3343849.5
34313,7194007.0
34314,6869111.5
34315,18126762.0
34316,6507296.5
34317,7076893.0
34318,5441867.5
34319,3913240.75
34320,6946532.5
34321,2688593.5
34323,5543803.0
34324,8701600.0
34326,7751651.0
34327,7150585.0
34329,11081774.0
34330,7023829.5
34332,7950881.0
34333,5065137.5
34334,4745057.0
34336,5388883.5
34337,4160701.25
34338,7398045.5
34339,14974888.0
34340,9870222.0
34341,6140910.5
34342,6255984.5
34343,4490138.0
34344,10692400.0
34345,12876272.0
34346,6410431.5
34347,5485385.5
34348,5447331.0
34352,6942895.5
34355,6411158.0
34356,8061836.0
34357,6966576.5
34358,6063695.5
34360,10856504.0
34361,8628654.0
34363,4486626.0
34364,4574389.0
34366,5929844.0
34367,8899348.0
34368,4227518.5
34369,5722565.5
34370,5664749.0
34371,5671054.0
34373,8746192.0
34374,12174658.0
34375,4782422.5
34376,8582084.0
34380,7729079.5
34381,4901179.0
34383,6128513.0
34384,8174503.0
34386,7222733.5
34387,5236332.0
34388,7610788.5
34389,5563025.0
34390,6099310.0
34391,4878859.0
34392,5038671.0
34393,5527727.0
34394,4264249.5
34395,5954912.5
34396,11834730.0
34398,9312036.0
34399,11610324.0
34400,7909741.0
34401,4905043.0
34402,4681518.5
34403,5910127.0
34404,6533746.0
34405,12189074.0
34406,10068198.0
34407,4578223.0
34409,7244728.5
34410,9146004.0
34411,6134256.5
34412,5449833.5
34414,12711562.0
34416,7461405.0
34417,5071488.0
34418,4130014.75
34419,7048872.0
34421,4092071.0
34422,5410014.5
34423,4916634.5
34424,6959011.5
34425,5413269.0
34426,3877513.5
34427,5606996.0
34428,6688782.0
34429,6772036.0
34430,7014305.0
34431,4825340.5
34434,5455445.5
34435,5899969.0
34436,6915574.5
34437,4815700.5
34439,5971569.0
34440,5947933.0
34441,7620469.5
34442,6094778.0
34443,4123991.25
34444,5006415.5
34445,5860878.0
34446,6837761.5
34447,10846516.0
34449,9644598.0
34450,5915083.5
34451,6052097.5
34452,6832052.0
34453,5540372.5
34454,6809922.5
34455,5961471.5
34456,5607177.5
34457,10053230.0
34459,7607207.5
34460,6217336.5
34461,5355440.0
34462,5682085.0
34463,4490030.0
34464,6379818.0
34465,13039278.0
34467,6970146.0
34468,7291166.0
34469,6376969.0
34470,4951707.0
34471,7377685.5
34472,5337994.5
34474,11995130.0
34475,5675583.5
34478,14078470.0
34480,6819649.0
34481,9498260.0
34482,9347302.0
34483,7203329.0
34484,7372812.5
34485,3578724.0
34486,14516592.0
34487,9171762.0
34488,5805914.0
34489,5216079.0
34490,7801468.5
34491,7281713.5
34494,7737046.0
34495,5126148.5
34496,5856193.5
34497,4736746.5
34498,6763807.5
34499,9786198.0
34500,6885997.5
34501,12657242.0
34502,4627779.0
34504,9647938.0
34505,5478866.0
34506,9943056.0
34508,12974918.0
34509,5837949.0
34510,26745164.0
34511,7579093.5
34512,10275012.0
34513,5242738.0
34514,4694478.5
34515,3703498.75
34516,2457239.0
34517,6557700.5
34518,4184167.0
34521,20336674.0
34522,6663120.0
34523,5549828.0
34524,7387411.0
34525,4754659.0
34526,5749704.5
34527,7366001.5
34528,18101174.0
34529,11814762.0
34530,7985549.5
34536,6315146.5
34537,3330636.75
34538,5393553.5
34539,7189990.0
34540,5107425.5
34541,8907776.0
34542,6652900.0
34543,6608364.5
34544,5084544.5
34545,4021519.5
34546,30377724.0
34547,4243180.0
34548,11054460.0
34549,5124470.0
34550,4037205.0
34551,5959519.5
34552,6766273.5
34553,27038280.0
34554,4467190.5
34555,10521224.0
34556,8324330.5
34557,12094100.0
34558,4751772.0
34559,7072402.0
34560,10086374.0
34561,5874842.0
34562,12141218.0
34563,4494629.0
34564,13612314.0
34565,4395543.5
34566,11774764.0
34567,5317530.5
34568,6024946.5
34569,7298288.5
34570,5827680.5
34572,10006658.0
34573,13366578.0
34574,5170581.5
34575,5875605.5
34578,5401794.0
34579,4113812.25
34581,5142012.0
34582,5543058.5
34583,5311191.5
34585,5457138.0
34587,10448744.0
34588,4506872.5
34590,7979640.0
34591,10435578.0
34592,5615765.0
34594,6857474.5
34595,7438695.5
34597,10590970.0
34598,5578929.0
34599,4573167.0
34600,7781299.5
34601,5472918.0
34602,6240591.5
34603,5675710.5
34605,3344947.75
34606,4609613.5
34607,5486417.0
34608,9963548.0
34609,18864496.0
34610,7743574.5
34611,6547793.5
34613,10073138.0
34615,7011697.0
34616,6806440.0
34617,11795544.0
34618,10281158.0
34620,4085272.0
34621,5036694.5
34622,5352962.5
34623,5559873.0
34624,5457453.0
34625,13307638.0
34626,8100234.5
34627,5379940.0
34628,4342253.0
34630,4574794.0
34631,5813788.5
34632,24581858.0
34633,5528585.0
34634,5467357.5
34635,5413595.5
34636,6760596.0
34637,5738488.0
34638,5837474.5
34639,5387396.5
34641,4879807.5
34642,9458372.0
34643,5737417.5
34644,5652241.0
34645,5228457.5
34647,5068927.0
34648,7137301.5
34649,8406182.0
34650,6856785.0
34651,9358108.0
34652,5736706.5
34653,6470393.0
34654,4399355.0
34657,10007978.0
34659,4094323.0
34660,5203722.0
34661,6929230.0
34663,11830694.0
34666,3944827.5
34667,7506359.5
34668,3960913.0
34669,6882919.0
34670,7451914.0
34671,4328996.5
34672,5997879.5
34673,7871150.0
34674,6019571.5
34675,7308539.5
34677,8677256.0
34678,6087722.5
34679,8355500.0
34680,10802200.0
34682,5196910.0
34683,5447777.5
34684,3502360.75
34685,11676980.0
34686,5670995.0
34687,6424667.5
34688,12587926.0
34689,5923830.5
34690,11682516.0
34691,13199684.0
34692,16126286.0
34693,4978201.5
34694,9132708.0
34695,5600936.0
34696,5920964.0
34698,6062783.5
34700,8073915.0
34701,12323602.0
34702,7458215.0
34705,5211401.0
34706,5951113.0
34707,5056536.0
34708,5464777.5
34709,15112372.0
34710,5009211.0
34711,9164572.0
34713,4037169.5
34714,5621659.0
34715,4725875.0
34716,12517090.0
34717,5251223.0
34718,5655839.0
34719,5626066.5
34720,8089119.5
34721,6582825.0
34722,4998831.5
34723,6416140.5
34724,6751423.5
34725,6997126.5
34726,5364948.5
34727,5761020.0
34730,8153046.5
34734,16454030.0
34735,6741063.0
34736,5424441.0
34737,7154078.0
34738,7072156.0
34739,5791241.0
34740,6968988.5
34741,4171145.75
34742,6774657.0
34744,3476902.75
34745,6910780.0
34746,9365530.0
34748,6860947.0
34749,6545764.0
34750,4952563.0
34751,5086315.5
34752,28857032.0
34753,9528610.0
34754,9626992.0
34755,4506226.0
34756,4195351.5
34757,4544955.0
34758,3562183.25
34759,6985449.5
34760,3663195.0
34761,12455580.0
34762,5330463.5
34763,7429286.0
34764,5576245.5
34765,8965394.0
34766,16431448.0
34767,7512190.0
34768,5124460.0
34769,7567469.0
34770,6129524.0
34772,7345760.5
34773,4263278.5
34774,8077851.0
34778,6576155.0
34779,6038899.5
34780,7456520.5
34781,19854700.0
34785,7420197.5
34788,5536651.5
34789,8200953.5
34790,4879048.5
34791,5655614.0
34792,7670273.0
34793,4099020.75
34794,21936128.0
34795,5380651.5
34796,5086502.5
34797,8502314.0
34798,4685623.5
34799,7890180.0
34801,6644895.5
34802,12234114.0
34805,5436534.0
34806,7782888.5
34807,4063778.25
34808,6403038.5
34810,7761085.5
34811,4011597.0
34813,4401775.0
34814,4017292.75
34815,10104728.0
34816,7905613.0
34817,8099186.0
34818,6868215.0
34819,8763044.0
34820,6185184.5
34821,3621883.0
34822,4970026.0
34823,5334900.5
34824,13983130.0
34825,11013672.0
34826,6039843.5
34827,4488623.0
34829,12302118.0
34830,5468129.0
34831,3995402.0
34832,6213335.0
34833,4982750.5
34834,7386142.0
34835,4031358.5
34838,10436990.0
34839,5755178.0
34840,11865746.0
34841,12095024.0
34842,5682908.5
34843,6077232.5
34844,5993380.5
34845,5850750.5
34846,9782614.0
34847,5515381.0
34849,5062976.0
34850,4441522.0
34851,3030118.0
34852,7829818.0
34856,7105789.5
34857,6614120.0
34858,15496784.0
34859,11038178.0
34860,8417656.0
34861,6163914.5
34862,6416610.5
34863,11911678.0
34864,7154824.0
34865,4015690.0
34866,5482059.5
34867,7008439.0
34868,5789708.5
34869,7691093.5
34870,7176510.0
34871,5219730.5
34872,5434985.0
34873,5743905.0
34874,6858962.5
34875,7222377.0
34876,6050566.5
34877,5887674.5
34878,5718198.0
34879,6200959.5
34880,5861593.5
34881,6804471.5
34882,7651782.0
34883,3889527.5
34884,5819772.5
34885,7419310.0
34886,7549306.5
34887,5258784.5
34888,6369996.0
34890,6310607.0
34891,5939470.0
34892,6456302.0
34894,6878318.0
34895,4519258.5
34896,13993410.0
34897,6186039.5
34898,6972308.5
34899,6182062.0
34900,4403125.0
34901,5665763.5
34902,8063961.5
34903,6332752.0
34904,6833370.0
34905,4715481.0
34906,9629054.0
34907,6907166.0
34909,3795242.25
34910,7681360.0
34912,7304733.5
34913,5026129.5
34914,12219532.0
34915,6177064.0
34916,4284992.0
34918,13045550.0
34919,4576530.0
34920,4432288.5
34921,6056715.0
34922,7801502.0
34923,4886012.5
34924,6145936.0
34925,12140552.0
34927,11766774.0
34928,4352684.0
34929,8872290.0
34930,4666276.0
34931,8071398.5
34932,5802325.5
34933,4608269.5
34934,7188624.5
34935,5666380.5
34936,6513570.5
34937,12287856.0
34938,6755437.5
34939,5721246.5
34941,13904818.0
34942,7992890.5
34943,4903140.5
34945,7505277.5
34946,6378968.0
34947,4294640.0
34948,3961663.0
34949,5110696.0
34951,10250464.0
34953,19044502.0
34955,6525909.0
34956,10204880.0
34957,5999607.0
34958,6234306.5
34959,5148438.0
34960,9716652.0
34961,5079850.5
34963,6079935.0
34964,8013574.0
34965,6061512.5
34966,5096165.5
34967,5427249.0
34968,5477068.5
34969,7419087.0
34973,6340751.0
34974,9752588.0
34975,14735572.0
34976,9279094.0
34977,5462028.0
34978,4868425.0
34979,7478731.5
34980,7742257.0
34982,6621992.0
34983,4604752.0
34984,4880142.5
34985,5820267.5
34986,4846161.0
34987,3910528.25
34988,12954540.0
34989,5289233.5
34991,5249161.5
34992,5387850.0
34994,12573956.0
34995,6748600.5
34996,8056456.5
34997,7971602.5
34998,5840715.0
34999,4542246.5
35000,7817285.5
35001,5582439.0
35002,6431508.5
35003,5459514.0
35004,7279038.0
35005,4589550.0
35006,5881901.5
35007,8215468.5
35008,4847609.5
35009,5372707.5
35011,5447421.0
35012,17359550.0
35013,10640916.0
35014,6121828.5
35015,10399056.0
35016,7999209.5
35017,4342906.0
35018,8268406.5
35019,10509468.0
35020,8063710.0
35021,5835884.0
35022,4985296.0
35023,4407764.0
35024,9874778.0
35025,6382711.5
35026,1501922.125
35027,8553886.0
35028,6996463.0
35029,4835714.5
35032,4587313.5
35033,5996811.0
35034,10950432.0
35036,5991721.5
35037,5118392.5
35038,6196164.0
35039,12778092.0
35040,5109732.0
35041,5781008.0
35042,8998336.0
35043,14461132.0
35044,5380901.5
35045,6737154.0
35046,5982836.0
35047,5040706.5
35048,5104652.5
35049,5487129.0
35050,6467231.0
35051,7684731.0
35052,5421423.5
35053,9358754.0
35054,4765713.0
35055,5871168.5
35057,7657386.5
35058,5381776.0
35059,8857716.0
35060,11722740.0
35062,7748240.5
35063,4289349.0
35064,6619430.0
35065,6361865.5
35066,4952947.0
35067,6051821.0
35069,3875391.25
35070,6246312.5
35074,7034449.5
35075,5390336.0
35076,7287910.5
35077,7006481.5
35078,5659385.0
35080,10470000.0
35081,6081472.0
35082,11123746.0
35083,6111583.5
35084,15364192.0
35085,5593949.0
35086,8776226.0
35087,8250759.5
35088,5763519.0
35089,5219484.0
35090,3267251.75
35093,8442104.0
35094,6123286.0
35095,6485057.5
35096,6674384.0
35097,4742867.0
35098,11945412.0
35100,6242815.5
35101,5658440.0
35102,4261383.5
35103,33111696.0
35104,5575326.5
35106,11504902.0
35109,5192557.5
35110,6134173.5
35111,6246070.0
35113,5371450.0
35114,3380464.25
35115,5816852.5
35116,4657041.0
35118,6667678.0
35119,7264968.0
35120,5539529.5
35123,6794164.0
35124,7252293.0
35125,5051474.0
35126,5816708.0
35128,4621909.5
35129,8213709.5
35130,10340030.0
35131,13418802.0
35132,5783963.0
35134,31334146.0
35135,5694379.0
35136,5148536.0
35137,5563145.0
35138,5343881.0
35139,9344278.0
35140,5176303.0
35141,4641128.5
35142,6058652.0
35143,8457650.0
35144,4789911.0
35145,7467097.0
35146,6020384.5
35148,3451694.25
35149,10055352.0
35150,8349969.5
35151,6362407.0
35152,9928028.0
35153,6330649.5
35154,6205228.5
35155,5716295.0
35156,4415657.5
35157,3598407.75
35158,11251202.0
35159,7913717.5
35160,6453148.5
35161,7474321.0
35162,5059819.5
35163,4375417.5
35164,10321862.0
35166,6202306.5
35169,7526671.5
35170,7545954.5
35172,7145819.0
35173,10442148.0
35174,6839688.0
35175,5851461.0
35176,7438359.5
35177,7990897.5
35178,12009600.0
35179,5349585.5
35180,5006956.5
35181,4561634.5
35182,10895460.0
35183,11317632.0
35184,15820016.0
35186,13881478.0
35187,5745740.5
35189,6629872.0
35190,5749291.5
35191,11089830.0
35193,7023945.5
35194,4213933.0
35195,12276300.0
35196,5769618.0
35197,13852810.0
35198,5653232.0
35199,5586979.0
35200,8331913.5
35201,7006733.0
35202,5928874.5
35203,4875707.0
35205,6352876.5
35207,5557911.0
35208,8945174.0
35209,5783110.0
35212,5370814.0
35215,6270096.5
35216,6122671.0
35217,6728368.0
35218,4021374.0
35219,7653396.0
35220,6100981.0
35221,9241592.0
35222,6477930.0
35223,6359741.5
35224,4341153.0
35225,9420016.0
35228,6565280.0
35229,5466645.0
35230,6517565.0
35231,6222834.5
35233,6767791.5
35234,5666372.0
35236,5597103.5
35237,6595854.0
35238,6031178.5
35240,4317040.5
35241,4280207.0
35242,14774696.0
35243,5468853.5
35245,5492686.0
35246,10618806.0
35247,4461395.5
35248,10280476.0
35250,7374505.0
35254,5300996.0
35255,5114407.5
35256,4347266.0
35259,10092524.0
35260,7844595.5
35263,5968147.0
35264,9209248.0
35265,7828910.5
35266,7959578.0
35267,5698350.0
35268,4237331.0
35269,4432457.5
35271,4320414.0
35272,6997875.0
35274,3827131.75
35275,5904840.5
35277,5806054.5
35279,6701357.5
35283,9400406.0
35284,4213933.0
35286,4578308.0
35287,6336601.5
35288,6504228.0
35289,10864056.0
35291,12235576.0
35292,7462176.0
35293,6180266.5
35294,4681405.0
35295,5596331.0
35296,6239313.0
35298,6321586.5
35299,8284262.5
35301,11789496.0
35302,7763651.0
35304,4220102.0
35305,9144392.0
35306,4529336.5
35307,5635179.5
35309,7073530.5
35311,3226397.25
35312,6080926.5
35313,3389979.25
35314,5999060.5
35315,9187184.0
35317,5478650.5
35318,3877762.5
35321,3704988.75
35322,7516012.0
35323,4524541.0
35324,3990297.75
35326,2580027.25
35328,13361704.0
35329,8452514.0
35330,3505949.5
35331,8761046.0
35334,13138418.0
35336,10021030.0
35337,7155839.0
35338,7630388.0
35339,9446782.0
35340,7052491.0
35341,6339006.5
35342,9067732.0
35343,10564494.0
35344,7634566.0
35345,5939466.0
35346,3815929.75
35348,5751303.0
35349,5846218.0
35350,4863800.5
35351,7410461.5
35352,4251524.0
35354,6868341.5
35355,11656310.0
35356,18424168.0
35357,5990066.0
35359,13593724.0
35360,5661857.0
35361,5291041.0
35363,6091353.5
35364,6424763.5
35365,7392455.0
35366,6363374.5
35367,6485381.5
35368,15168114.0
35369,5791375.5
35370,4895864.0
35371,6943252.0
35373,5469394.5
35374,5188938.0
35375,6368325.5
35377,3905182.0
35378,10889888.0
35379,5039019.0
35381,5807842.0
35384,5637972.0
35385,6751199.5
35386,5324218.5
35387,8599462.0
35389,6788187.5
35390,7222839.0
35391,5846533.0
35392,9276810.0
35393,7188599.0
35394,12320918.0
35395,7068594.5
35396,6399666.0
35398,4173126.5
35399,3471685.75
35400,6244468.5
35401,5773083.5
35402,9737492.0
35403,7980666.0
35404,6438284.5
35405,5647539.5
35406,5374428.0
35407,11492222.0
35408,10083216.0
35411,8997842.0
35413,13812606.0
35414,7573669.0
35416,9266672.0
35417,8438514.0
35418,4730593.5
35419,6673805.5
35420,6657637.0
35421,9061392.0
35422,8066377.0
35423,3888593.25
35424,6343696.0
35425,4690677.0
35426,6441249.5
35427,5121216.5
35428,5319005.5
35429,5424508.0
35430,5999809.5
35431,6482503.5
35432,12238064.0
35433,7938226.0
35436,12999242.0
35437,10261272.0
35438,8046233.5
35439,5836180.0
35440,5074117.5
35442,8795334.0
35444,6516938.0
35445,13224728.0
35446,4387851.0
35447,7505647.5
35448,6712119.5
35449,4675712.5
35450,4992632.5
35451,10967246.0
35452,5227405.5
35453,5315697.5
35454,5461243.5
35455,21705914.0
35456,7064801.5
35457,7043092.5
35458,6100017.0
35459,5901165.0
35460,5860168.5
35461,7894111.0
35462,7948672.5
35463,11380962.0
35464,27815694.0
35465,5958507.0
35466,4645024.0
35468,4228198.0
35469,4361895.0
35470,4825904.5
35471,7631599.5
35472,3908995.25
35473,5755684.5
35474,9120240.0
35475,7595055.0
35476,9552694.0
35477,3902656.75
35479,7924606.0
35480,5327330.5
35482,11395352.0
35483,6372616.5
35484,7350061.0
35485,5912826.5
35486,7832541.0
35487,8033670.0
35488,9917676.0
35489,6015246.5
35490,10340486.0
35492,5504999.5
35493,13399896.0
35494,13950758.0
35495,14913402.0
35497,5589562.0
35498,5784793.0
35499,9098484.0
35500,3437959.0
35501,22325946.0
35502,4719412.0
35503,4384720.0
35504,5390427.5
35505,10385152.0
35506,5650041.5
35508,6711910.0
35509,10294780.0
35511,3656055.0
35512,6055267.5
35513,14537144.0
35514,7007536.5
35515,5436850.0
35516,4958181.5
35517,14022152.0
35518,4050296.5
35520,6028133.5
35521,9142268.0
35523,10479402.0
35524,4107139.25
35525,9029706.0
35526,8043283.5
35527,5508865.5
35528,4260032.5
35529,4028029.0
35530,5373852.5
35531,12772934.0
35532,6318451.0
35534,7534887.0
35535,9051808.0
35536,7672086.5
35538,5705670.5
35539,7237284.0
35540,6003237.0
35542,5589316.0
35543,5043378.0
35544,7168433.0
35545,5987084.5
35546,8384378.0
35547,4878874.5
35548,11056696.0
35549,5476238.5
35550,16686662.0
35551,5880918.5
35552,3689031.25
35553,6752210.0
35554,8575854.0
35555,6214557.5
35556,6372975.0
35557,8459572.0
35558,8131194.5
35559,8378416.5
35560,10816588.0
35561,9110576.0
35562,10689188.0
35563,6665574.0
35564,5730665.5
35566,10803080.0
35567,5826458.0
35568,6914563.5
35569,9921322.0
35570,5214534.0
35571,9733394.0
35572,6115622.5
35573,7591709.0
35576,5259016.5
35577,6063371.0
35579,4573633.0
35580,4569295.5
35581,6011113.5
35582,7712418.0
35583,7830818.5
35585,7231495.5
35586,6700729.0
35587,5763762.5
35588,5119993.5
35589,5357129.0
35590,9675450.0
35591,4500437.0
35592,8602138.0
35593,4816287.0
35594,5878001.0
35595,5614547.5
35596,7922927.0
35597,21204946.0
35598,6817042.0
35599,7457340.0
35600,4287675.0
35601,9436012.0
35602,6799864.5
35603,4518707.0
35604,7444652.0
35605,5346755.0
35606,5760229.0
35607,6307153.0
35608,4779298.5
35609,3392320.75
35610,9009430.0
35611,4686109.0
35612,12313528.0
35614,4783844.5
35616,6220857.0
35618,6549015.0
35620,5283105.5
35621,11362330.0
35622,7596087.0
35624,5681956.0
35625,4080338.0
35627,4157027.0
35628,7055496.5
35630,5566307.5
35631,5136956.5
35632,7481100.0
35633,5696584.5
35634,5449627.0
35635,5390758.5
35636,5244544.0
35637,4723186.0
35638,7033006.5
35641,10125594.0
35642,12647654.0
35643,8731756.0
35644,6735429.0
35646,7860490.5
35650,4210162.0
35651,5862846.0
35652,5554058.0
35653,5069393.5
35655,3299940.75
35656,4186822.75
35657,6523622.0
35658,9648948.0
35660,5621861.0
35661,8546820.0
35664,9257990.0
35665,7880845.0
35666,5729116.5
35667,5307213.0
35668,4791582.0
35670,5617367.5
35673,5696564.5
35674,5799648.0
35675,9229962.0
35676,5380066.5
35677,5975265.0
35678,6808579.5
35679,4408809.0
35680,21852064.0
35681,7940651.5
35682,5744100.5
35683,9374296.0
35685,5977581.5
35686,7164228.5
35687,10666742.0
35688,4716180.5
35689,8890730.0
35690,6065550.0
35691,7888043.0
35693,6276553.5
35694,6281086.5
35695,5644915.0
35697,8137041.0
35698,5127272.5
35699,6013846.5
35700,6302131.5
35701,8743838.0
35702,6352149.0
35703,5358830.5
35704,5693886.0
35705,7274795.5
35707,6991929.0
35710,11421248.0
35711,6584046.5
35712,4138796.25
35713,12003986.0
35714,5922731.5
35716,7644771.5
35717,10014152.0
35718,7547505.0
35719,5546427.0
35721,7966948.0
35722,5318995.5
35724,4443097.5
35725,4642508.5
35726,5559032.5
35727,10787204.0
35728,7657278.0
35730,5946589.5
35731,13121218.0
35732,9414044.0
35733,4763395.5
35734,5503258.0
35735,13890226.0
35736,4601415.0
35737,5171591.5
35738,5378740.5
35739,4936623.5
35740,6897104.5
35741,7663903.0
35742,4718084.5
35743,9883032.0
35744,5626893.5
35745,4225049.5
35746,8702068.0
35748,4380049.5
35750,4143147.0
35752,4648929.5
35753,7530624.5
35754,4438972.5
35755,4312767.0
35756,7256544.0
35757,3825852.25
35759,7634319.0
35760,4331619.0
35762,7953291.5
35763,13765350.0
35764,7217746.5
35765,7207510.0
35766,4174050.75
35767,6875837.0
35769,4854421.0
35770,4238279.5
35772,5777955.5
35774,3924218.25
35777,6856704.5
35778,13333474.0
35779,7163941.5
35780,9312584.0
35781,16566210.0
35782,7123808.5
35784,8019433.0
35785,13317778.0
35786,8257466.5
35787,4159398.0
35788,7182992.5
35789,5391924.5
35790,4338488.0
35791,6004787.5
35793,4365458.5
35794,10791892.0
35795,4423911.0
35796,5215223.0
35797,8357656.5
35800,7998880.0
35801,3144631.25
35802,17898264.0
35804,4845689.0
35805,4404918.5
35806,5909666.5
35807,6425692.0
35808,7274051.0
35809,7622003.0
35810,6046672.0
35812,7794683.5
35815,6795186.0
35817,4698818.0
35818,6280494.5
35819,8162839.5
35820,6543375.5
35821,4754015.5
35822,6041404.0
35823,6063992.5
35824,10407684.0
35825,6167506.0
35826,8735442.0
35827,7882672.0
35828,8542848.0
35830,3950760.0
35831,6161057.0
35832,8075746.5
35833,6120481.5
35834,4480674.0
35835,5331211.0
35836,9902734.0
35837,6343185.5
35838,6236961.0
35840,4776692.0
35842,16386524.0
35844,6171840.0
35845,9737232.0
35846,11506870.0
35847,7524094.5
35848,5591032.0
35850,6323228.5
35851,7159519.5
35852,6139282.5
35853,5827673.0
35854,6498565.5
35855,4998556.5
35856,5117403.5
35859,6024891.5
35860,7672876.0
35861,5379630.0
35862,11080606.0
35863,9070366.0
35864,6307276.5
35865,7309383.0
35866,7021934.5
35867,5502248.5
35868,6254631.0
35870,9435602.0
35872,8341472.0
35873,11663042.0
35874,6525233.5
35875,5630383.0
35877,5148079.5
35878,6103649.0
35879,4431075.5
35881,5314927.0
35882,11903118.0
35883,6370924.0
35885,8403726.0
35886,4408067.0
35887,4653987.5
35888,12176068.0
35889,15041894.0
35890,8038688.0
35891,5011044.0
35892,5799709.5
35894,9307804.0
35895,4209093.0
35897,6692733.0
35898,4259295.5
35899,7422467.5
35901,8574786.0
35903,4286881.5
35904,5363918.0
35905,4053017.0
35906,15082662.0
35908,11324994.0
35909,8105121.0
35911,6897632.5
35913,7988860.0
35914,5972496.5
35915,6273448.5
35916,4760590.5
35917,4781637.5
35918,9816210.0
35919,4937227.5
35920,4482456.0
35921,4899003.0
35922,5716281.0
35925,20831862.0
35926,7011110.5
35929,5827914.5
35930,5152360.0
35931,6298126.5
35933,5442292.5
35935,9468180.0
35936,13264432.0
35937,7676917.5
35938,5287041.0
35939,5350537.0
35940,7115275.5
35941,7890877.5
35943,5882857.5
35944,4683090.0
35945,5289986.0
35946,5323002.0
35947,12314144.0
35949,7448352.5
35950,5589562.0
35951,9223728.0
35952,6911739.0
35953,6862523.0
35954,5505397.5
35955,13424104.0
35956,4679590.0
35957,7377099.0
35958,11252748.0
35959,6068576.0
35960,6710068.5
35961,4278925.0
35962,16088804.0
35964,4341920.0
35965,5780215.5
35966,5600527.0
35967,9673276.0
35968,7668690.0
35969,6565405.5
35970,11216650.0
35971,5647043.0
35972,5983834.0
35973,10596900.0
35974,6939816.5
35977,5014767.5
35980,6538316.5
35981,5273569.0
35983,13965734.0
35984,8792844.0
35985,7922423.5
35986,4736132.5
35987,4149256.5
35988,20212764.0
35989,9883228.0
35990,5389470.0
35991,13007920.0
35993,5388340.5
35995,8169800.5
35996,5891347.5
35997,5801169.5
35998,5193624.0
35999,12745888.0
36000,5953657.5
36001,8235331.0
36002,11000032.0
36003,11770080.0
36004,6925118.0
36005,5534638.0
36006,7652635.0
36007,3737804.0
36008,3092041.5
36009,8092154.0
36010,10364482.0
36011,30609336.0
36013,6702470.0
36016,5754803.0
36017,10065770.0
36019,6247462.0
36020,8855782.0
36021,12225074.0
36022,7706489.0
36025,8879196.0
36026,6398277.0
36027,6334946.0
36028,6536503.0
36029,6089682.0
36030,6661349.5
36031,6449157.0
36032,6380614.0
36034,6653102.5
36035,5514299.5
36036,6111523.0
36037,5672812.5
36038,6777743.0
36041,5693230.0
36043,6395364.0
36044,7059186.5
36045,3266766.25
36046,4263010.5
36047,7991031.0
36049,6653600.5
36050,10681894.0
36051,5625793.5
36052,5830093.5
36053,7974777.0
36056,9591910.0
36057,4678112.5
36058,5535143.0
36059,5621733.0
36060,8991254.0
36061,5545857.0
36063,6573254.5
36066,6088548.0
36067,9276994.0
36068,4325540.5
36069,4226266.5
36070,12984298.0
36071,7145273.0
36072,5906606.5
36073,11281332.0
36074,6472487.0
36075,8129994.0
36076,5486980.0
36077,7372036.0
36081,4503876.0
36082,4711318.5
36083,5539018.5
36084,4693253.0
36085,5342681.0
36086,6536768.5
36087,4117850.0
36088,6756094.5
36092,11536168.0
36093,6482133.5
36095,5446309.0
36096,8112719.0
36097,6108996.0
36098,5752368.0
36100,8763086.0
36101,8500088.0
36102,12807416.0
36103,7073439.0
36104,3189430.0
36105,9249564.0
36106,6860520.0
36107,16041912.0
36108,7178690.0
36109,6121788.0
36110,6125915.5
36111,4517438.0
36113,10584422.0
36114,8265707.0
36116,4761239.5
36117,5503781.0
36118,5512785.0
36119,7079818.0
36120,7430023.0
36122,3508118.25
36123,7855900.5
36124,12039990.0
36125,3186606.75
36126,7401018.5
36127,5358617.5
36128,5256278.0
36129,6178930.0
36131,6762066.5
36132,11264484.0
36133,6134597.5
36135,10000098.0
36136,8026325.0
36137,5034868.5
36138,9179402.0
36139,7096579.5
36140,3217725.5
36141,5083359.5
36142,5342994.5
36143,6720226.5
36145,11792470.0
36147,5569332.5
36148,5833705.5
36150,4491632.5
36151,2702170.75
36152,8108550.0
36153,7119339.0
36154,28366570.0
36156,8058380.0
36157,5372816.0
36158,5941082.0
36159,5268568.5
36160,8252807.0
36161,4876198.0
36163,9194608.0
36165,7782086.0
36166,8533160.0
36167,5839410.5
36168,5843442.0
36169,4851429.5
36170,9642626.0
36171,8301373.5
36172,7951296.5
36176,4021039.0
36177,6330404.5
36178,7094373.0
36179,6904645.5
36180,5377068.0
36181,7723778.0
36182,4882421.5
36183,3924765.5
36184,14037680.0
36185,5034784.5
36187,7030554.5
36188,5663898.5
36189,6734742.0
36194,7749695.5
36195,4580668.0
36196,6240510.0
36197,7756913.0
36198,8272919.5
36199,11739116.0
36200,6928493.5
36201,5607033.5
36203,3370515.25
36204,6635027.0
36205,4995374.5
36206,6606156.5
36207,5438540.5
36208,11123584.0
36209,8041875.5
36210,6538685.5
36211,9708358.0
36212,7850149.5
36213,4696417.0
36214,5859097.5
36215,10165090.0
36216,3470576.5
36217,6211101.0
36218,8045005.0
36219,3640884.5
36220,6793933.0
36221,6766215.5
36222,6247686.0
36223,6076842.5
36225,2216161.0
36226,3974518.25
36227,4979720.5
36228,3510385.5
36229,8959862.0
36230,4469602.0
36231,3475772.25
36232,7868447.0
36233,12868742.0
36234,8574860.0
36235,5963649.0
36236,23401084.0
36237,5577553.5
36238,5891938.0
36239,5255547.5
36240,6898262.0
36241,6251040.5
36242,12450358.0
36243,7057326.0
36244,8180833.5
36246,9190082.0
36247,11206070.0
36248,4469674.5
36249,7467314.0
36250,8209059.5
36251,3188703.0
36252,6004939.5
36253,7385667.5
36254,4652019.0
36256,5394528.0
36257,5129422.0
36258,5748307.5
36259,5235679.0
36261,4583984.0
36262,6652940.0
36263,5749358.0
36264,6205039.0
36265,5158603.5
36267,6801095.5
36268,14439734.0
36269,7943997.0
36270,6614373.5
36271,7953116.0
36273,6639415.5
36274,5126283.0
36275,11015092.0
36277,5960682.0
36278,4604888.5
36279,6559066.0
36280,6227113.5
36281,5820036.5
36282,3365396.25
36285,5591075.5
36286,5397335.0
36287,6705741.0
36288,5248276.5
36289,8305805.5
36290,14646106.0
36291,5507492.5
36292,6680617.5
36293,8426624.0
36294,14999046.0
36295,5010853.0
36296,6400670.5
36297,7898669.0
36298,10897770.0
36299,6177231.5
36301,6078671.5
36302,7325349.5
36303,10019692.0
36304,9115134.0
36305,5337235.5
36306,9482954.0
36307,5839523.0
36308,6780300.5
36309,12502386.0
36311,6002916.0
36312,6411977.5
36315,6013843.0
36316,5113501.5
36317,5336589.5
36319,8002403.0
36320,5126187.0
36322,6147342.0
36323,4793681.5
36324,14592000.0
36325,7187823.0
36327,5580771.5
36328,9980206.0
36329,4971875.0
36330,7228978.0
36331,6491642.5
36332,6787147.0
36333,6205271.0
36334,7749469.5
36335,6803929.5
36336,8402980.0
36337,16024062.0
36338,5743305.5
36339,5341313.0
36340,5035662.0
36341,2473051.5
36342,14699052.0
36343,6338099.5
36344,5812045.5
36345,9717250.0
36346,4232380.5
36347,6182042.0
36349,7709489.5
36350,38712396.0
36351,5894131.5
36352,4254625.5
36354,4354984.0
36355,7301150.5
36356,6291380.0
36357,8305351.0
36359,7490291.5
36360,5783145.5
36362,8230624.5
36363,6249030.5
36364,4654910.5
36365,4600826.5
36366,5687743.5
36367,7970867.5
36368,9322698.0
36369,7534216.0
36370,4626406.5
36371,6815016.5
36372,9182118.0
36373,11410758.0
36374,4748487.5
36375,5791693.5
36376,6468549.0
36377,5831670.0
36378,15236584.0
36380,10298624.0
36381,5490180.5
36382,9617258.0
36383,6023739.5
36384,5929691.0
36386,6885142.0
36387,7299740.0
36388,6266657.0
36389,8234775.0
36390,6253184.0
36391,5020678.0
36392,3638640.25
36393,26806476.0
36395,7416732.0
36396,8035028.5
36397,4491209.0
36398,5360437.5
36399,11892366.0
36400,6029410.5
36401,4661910.5
36402,9204502.0
36403,5814127.0
36405,6530822.5
36406,11096082.0
36407,6396874.5
36408,7407697.0
36409,5954640.5
36410,8004336.5
36413,5744577.0
36414,5799871.5
36415,5877803.5
36416,5744972.5
36417,7818878.0
36418,4597467.0
36419,4204979.5
36420,5225553.0
36421,5046908.5
36422,6604226.0
36425,4523390.0
36428,13260846.0
36429,5980662.0
36430,7593331.5
36431,5342872.0
36432,8775592.0
36434,5760767.5
36435,7006516.0
36436,3229785.0
36437,6950847.5
36438,18840450.0
36439,3540663.75
36440,5561972.5
36441,6208963.0
36442,11032670.0
36443,7992101.5
36444,5914579.0
36445,8836822.0
36446,6571460.0
36448,13654076.0
36450,5838876.5
36451,10848164.0
36452,4841058.5
36453,7727518.5
36454,3446660.75
36455,4716826.5
36456,3609762.5
36457,5386496.0
36458,23108252.0
36459,9446994.0
36460,12939728.0
36461,4512104.0
36463,5249342.5
36464,8281094.0
36465,6971850.5
36466,5901270.5
36468,5570279.0
36469,6698910.0
36470,9702384.0
36471,10179040.0
36472,7566997.0
36473,5335746.0
36474,4566666.5
36475,5004439.0
36476,4547244.5
36477,5054068.0
36478,8560234.0
36479,4856651.5
36480,7616308.0
36481,7811689.5
36482,6244865.5
36483,5760836.0
36484,6814220.0
36485,11054134.0
36486,6828573.0
36487,9053860.0
36488,5299149.0
36489,6606613.0
36490,7190187.5
36492,6149156.5
36493,5477099.0
36494,9022688.0
36495,4839737.5
36496,5822994.5
36497,5482486.5
36498,7212723.5
36499,8626872.0
36500,5071844.5
36501,6946826.5
36502,7295845.5
36503,5970097.0
36504,5410157.0
36505,7233588.5
36506,11451420.0
36507,11677806.0
36509,6578812.0
36510,9119182.0
36511,4655676.0
36512,4830839.5
36513,15712164.0
36514,8072905.5
36515,11487596.0
36516,3785442.5
36517,5636886.5
36519,5540101.5
36520,8285840.5
36521,4973795.0
36522,5388316.5
36523,8560596.0
36525,4685491.5
36527,6485958.5
36528,4806531.5
36529,5191376.0
36530,23838306.0
36531,5825878.5
36532,5773355.5
36533,6813555.5
36534,11485482.0
36536,5095761.0
36537,4131945.25
36538,12884534.0
36539,7256930.5
36540,5719724.0
36541,5413703.0
36542,5032295.5
36544,5721717.5
36545,5371831.0
36546,4690891.5
36547,10370010.0
36548,8561108.0
36549,5397695.0
36550,7034720.0
36551,5605205.0
36553,6098346.5
36554,12651544.0
36555,4711667.5
36556,4798979.5
36557,5760332.5
36559,4988677.0
36560,7819066.0
36561,4440572.0
36563,7500407.5
36564,6622665.5
36565,7193208.5
36567,7183030.0
36568,11632150.0
36569,5269240.5
36570,6095869.0
36571,13474216.0
36572,4687947.5
36573,6173179.5
36574,4341757.0
36575,9053842.0
36576,6091885.0
36579,4366371.0
36580,8384417.5
36582,3318283.25
36583,5421092.5
36584,6011057.0
36586,6631363.0
36587,11106474.0
36588,18387102.0
36589,6274670.5
36590,6414968.5
36591,5256400.0
36592,5812790.0
36595,7496873.0
36596,5387984.0
36597,2963626.5
36598,4317820.0
36599,5414864.5
36600,5245781.0
36601,4893084.0
36604,11630286.0
36605,11116122.0
36606,6276170.0
36607,6504737.0
36609,11314928.0
36610,6947408.0
36611,6773380.0
36612,6238983.0
36613,9218178.0
36615,13300282.0
36616,5375575.5
36617,6149998.5
36618,4765659.5
36619,7805090.5
36621,5222544.5
36622,13053650.0
36625,11552564.0
36626,6081128.5
36627,5011394.0
36628,5755237.0
36629,7701252.5
36630,4113575.75
36631,5181367.5
36632,6753692.5
36633,6654470.0
36634,14598290.0
36635,11367022.0
36636,11176398.0
36637,10696740.0
36638,5358314.5
36641,7135580.5
36642,8233283.5
36643,4675306.0
36644,6721743.0
36645,10213790.0
36646,5730062.0
36647,9078820.0
36648,8746754.0
36649,6074421.5
36650,4428583.5
36651,6737191.0
36652,8602146.0
36653,6649122.0
36655,7845476.5
36656,10792792.0
36657,5670801.5
36658,3828225.0
36659,4682944.0
36660,6160648.0
36661,8197274.5
36662,5312291.5
36663,13309306.0
36664,5450513.0
36665,4549927.0
36666,4592362.0
36667,4803100.5
36668,4154844.75
36670,5923032.0
36671,9104682.0
36673,5374009.0
36674,11280744.0
36675,5915940.5
36676,8343841.0
36677,13735420.0
36678,5149878.0
36679,8682594.0
36680,6692744.5
36681,5420129.0
36682,10816328.0
36683,5791863.5
36684,6766230.5
36685,7385456.0
36686,8938910.0
36687,12075378.0
36688,6938007.5
36689,7723740.5
36690,4200464.0
36692,13172976.0
36693,3737334.75
36694,7189956.0
36695,8005351.0
36697,7565107.5
36698,9314986.0
36699,6328483.5
36701,5686997.5
36702,6328480.5
36703,6033159.0
36704,5362736.5
36708,7255087.5
36709,7488413.5
36711,4486784.5
36712,5477792.0
36713,5653571.5
36714,5792624.0
36715,8060608.5
36716,7564139.0
36717,7886892.5
36718,4471701.5
36719,14753626.0
36720,7425064.5
36721,4437938.0
36722,6936416.5
36723,4047552.5
36724,10804722.0
36725,6693588.0
36726,5848442.0
36727,12255570.0
36730,5981795.5
36731,6077170.5
36733,7808393.5
36734,8933764.0
36735,8153040.0
36736,6818577.0
36737,9924812.0
36738,9355264.0
36739,5439820.5
36740,4268956.0
36742,11116132.0
36743,5598323.0
36744,7426264.5
36745,4458554.0
36746,6824187.0
36747,12939860.0
36748,4705556.0
36749,6920975.5
36750,12591290.0
36751,5814869.5
36752,7729387.0
36753,7242150.0
36754,8650136.0
36756,6881464.5
36757,11808328.0
36758,5592281.5
36759,5412731.5
36760,5462875.5
36761,9038112.0
36762,7737978.5
36763,3178396.0
36765,7109138.5
36766,14638108.0
36768,11503738.0
36769,5548239.5
36770,23446768.0
36771,5534654.5
36772,7492394.5
36774,4269277.5
36775,8136449.0
36776,11716318.0
36777,7326474.0
36778,10894578.0
36779,5879085.5
36780,6193719.5
36781,5169041.5
36782,6962593.0
36783,4977295.5
36784,5305528.0
36786,5699740.0
36787,6091194.0
36789,6221146.5
36790,5753256.0
36791,5894774.0
36792,10845330.0
36793,3682849.0
36794,3601645.75
36795,7275727.5
36796,7846249.5
36797,8242667.0
36800,7699477.0
36801,6658017.5
36802,5760252.5
36803,10074612.0
36804,5329297.5
36805,4934513.5
36806,8936828.0
36807,7947095.0
36809,18626856.0
36810,5158378.0
36811,4564852.0
36813,5112453.5
36814,10225724.0
36815,20837414.0
36816,6209953.5
36817,4244485.5
36818,6680202.0
36819,6029124.0
36820,4950657.0
36821,5625792.0
36822,10906870.0
36823,6397548.5
36825,16168226.0
36826,4122378.75
36827,7164889.5
36828,8223375.0
36829,5288449.0
36830,8058380.0
36831,11324770.0
36832,6581585.0
36833,8663320.0
36834,5967290.0
36835,3178307.75
36836,4415767.5
36837,5321274.0
36838,7060492.5
36839,12902002.0
36840,5323836.5
36841,8807024.0
36843,6051026.5
36844,5554077.0
36845,8361855.0
36846,9190212.0
36847,5771262.5
36848,7786371.0
36849,6310559.5
36850,6973749.5
36851,6113844.0
36852,5239081.0
36853,5682496.0
36854,11824944.0
36855,7829106.5
36856,4315238.5
36857,6649778.5
36858,5094655.5
36860,9045614.0
36862,8020024.0
36864,12228712.0
36865,5384267.5
36866,8427256.0
36867,5967142.0
36869,2966452.75
36870,6889827.5
36871,6606719.5
36873,11662900.0
36874,7591796.0
36875,6176518.5
36877,7614028.0
36878,15102784.0
36879,7238039.5
36880,3847771.5
36881,13611664.0
36882,9383298.0
36883,4421730.5
36884,7906624.5
36886,7339448.0
36887,8933318.0
36888,6334991.5
36889,4475298.0
36890,8507954.0
36891,5533151.0
36892,5597533.5
36893,4750395.5
36894,4232253.0
36895,6494572.5
36896,6354333.5
36898,8370974.5
36899,10327756.0
36900,5208992.5
36902,5738827.5
36903,14130440.0
36904,5868426.5
36905,5386030.0
36906,4817600.0
36907,7217595.0
36908,10132396.0
36909,10896606.0
36910,5811536.0
36911,6502545.0
36912,13239788.0
36913,9407876.0
36914,6378773.5
36915,5558369.5
36916,17084266.0
36917,5204991.0
36918,8792036.0
36919,5024230.0
36920,4855641.5
36921,6062002.5
36922,5482471.5
36923,8325605.0
36924,5952063.5
36926,6064039.0
36927,11163432.0
36928,3970472.5
36929,5020909.0
36930,8158777.5
36931,8274821.5
36932,7804215.0
36933,8337107.0
36934,9850548.0
36935,11171570.0
36936,5183448.5
36937,8628786.0
36938,6093803.5
36939,5896426.5
36940,7171875.0
36941,4516642.0
36942,6464573.0
36943,4916850.5
36944,6230298.5
36945,10742972.0
36946,6066429.0
36949,14322930.0
36950,5256604.0
36951,15150046.0
36952,10158292.0
36953,17766034.0
36954,3805503.25
36955,4590571.5
36956,5580776.5
36957,6078715.5
36958,6022814.5
36959,10256348.0
36960,7815914.0
36961,5861738.5
36963,5465279.0
36964,14108836.0
36965,6256525.5
36966,6495692.5
36969,5653185.0
36970,6259750.5
36971,14169496.0
36972,4521500.5
36973,8199965.0
36975,5510808.5
36976,13916566.0
36977,5249613.0
36978,6591053.5
36979,3669199.0
36980,6925068.0
36982,5137817.5
36983,5647321.0
36984,4984130.5
36985,6134047.0
36986,4354361.5
36987,8018484.5
36988,7738158.5
36990,7175747.5
36991,7160552.0
36993,5054988.0
36994,5928358.0
36995,6843661.0
36997,8072407.5
36998,11288396.0
36999,5992517.5
37000,7733014.5
37001,7679378.5
37002,5499122.5
37003,7510921.0
37004,11437420.0
37005,5106077.0
37006,10448040.0
37007,7652222.5
37008,6468810.5
37009,6173375.5
37010,5963873.0
37011,6060780.5
37012,5691811.5
37013,7424217.5
37014,9654752.0
37015,7702086.5
37016,9507082.0
37017,10825318.0
37018,5761389.5
37019,4539095.5
37021,10554258.0
37022,4763032.5
37024,10762320.0
37026,5878337.5
37027,5639096.0
37028,3836837.0
37029,11487680.0
37031,5858219.5
37033,44100360.0
37034,14271274.0
37035,12594238.0
37036,13568178.0
37037,8396736.0
37038,3432062.75
37039,6629644.0
37040,8690824.0
37041,7193662.5
37042,4075914.5
37043,5931800.5
37044,10170964.0
37045,5464831.5
37046,5816468.0
37047,10086230.0
37048,5223735.5
37049,3655661.0
37050,6316823.5
37051,9187154.0
37052,5434267.0
37053,9624808.0
37054,9141218.0
37055,4863500.0
37056,4447091.5
37057,5455482.0
37058,5286756.5
37059,9620500.0
37060,5594752.5
37061,4670074.0
37062,6512384.5
37063,11896182.0
37064,12514150.0
37065,6682286.0
37066,4760536.5
37068,11246610.0
37069,5962726.0
37070,5290423.5
37071,10684498.0
37072,7018712.5
37073,5253111.5
37074,7930690.0
37075,5013814.0
37076,27582336.0
37077,5162467.0
37078,5751942.5
37085,4439842.5
37086,5217385.5
37088,8238523.0
37089,10526986.0
37090,5570885.0
37091,8086243.5
37092,6730724.5
37093,4661680.0
37094,6917450.0
37095,5589124.0
37096,4228652.5
37097,8576446.0
37099,6380357.5
37100,6756799.0
37101,6481343.5
37102,5394270.5
37103,5274192.5
37105,8426858.0
37106,5931683.5
37107,5333260.5
37109,7460184.5
37110,7118130.5
37111,5306205.0
37112,7558930.5
37113,4427291.0
37114,6328465.5
37115,11811710.0
37117,6655276.5
37119,14503182.0
37120,5177709.5
37121,7401067.5
37122,8462826.0
37123,5897817.0
37124,5156265.0
37126,9086786.0
37127,5665833.5
37128,8447516.0
37129,6194747.5
37130,3779870.25
37131,7850418.0
37132,5770568.5
37133,5619984.0
37134,13940964.0
37135,3178538.75
37137,6489903.0
37138,6036337.0
37139,5432136.5
37141,6050690.5
37142,5225553.0
37143,16642330.0
37144,10179362.0
37146,6332659.5
37147,4848125.5
37148,7747726.0
37149,6325269.5
37150,9728560.0
37151,12054772.0
37152,15330924.0
37153,5976730.5
37154,7746280.5
37155,10554848.0
37156,11898428.0
37157,9752724.0
37158,3393005.75
37159,5914029.0
37160,9662960.0
37161,7308539.0
37162,6058015.5
37164,8090289.5
37165,7456741.0
37166,4199347.0
37167,5242026.5
37168,5989481.5
37169,9920842.0
37170,6366012.0
37171,7541922.5
37172,6873096.5
37173,3880561.75
37174,5580293.0
37175,13072384.0
37176,5944225.5
37178,7232537.5
37179,4984130.5
37180,4788933.5
37181,6480383.5
37182,6424368.0
37183,6179421.0
37184,6473233.0
37185,5019225.0
37186,6951307.5
37188,5074009.5
37189,5259782.0
37190,6523358.0
37191,6392463.0
37192,10913292.0
37194,3299442.75
37195,8020747.0
37196,5912187.0
37197,5501221.5
37199,6269267.5
37200,5378638.5
37201,8018484.5
37202,13509988.0
37203,6709742.0
37204,5898779.0
37205,5853707.0
37206,10020126.0
37207,5811252.0
37208,7742819.5
37209,4402994.5
37210,7428397.5
37212,10347398.0
37213,8326466.5
37214,9999594.0
37216,7261541.0
37217,8926254.0
37218,5427421.0
37219,7733447.0
37220,7223150.5
37222,11752420.0
37224,4443200.5
37226,11105410.0
37227,14678228.0
37228,5900894.0
37229,4186848.25
37230,6010129.5
37231,6196134.5
37232,12412974.0
37233,4118139.0
37234,6151265.5
37235,14386472.0
37237,7968918.0
37238,5938860.0
37239,7015129.5
37240,6042447.0
37241,5381915.0
37242,8471860.0
37243,5407816.5
37244,6022646.0
37246,4440590.5
37247,8394874.0
37248,7840094.5
37251,6005384.5
37252,4900481.0
37254,5140105.0
37255,7442163.5
37256,6760673.0
37258,6512898.0
37259,10834078.0
37261,5436822.5
37262,6455077.5
37263,6267165.0
37264,6130857.0
37265,5461552.0
37266,14729604.0
37267,5487775.5
37268,7302173.0
37269,5743539.5
37270,5741114.0
37273,4257428.5
37274,5964019.0
37275,8484960.0
37276,8977100.0
37277,6911750.0
37278,6234909.5
37279,8114554.5
37280,6870051.0
37281,4534406.0
37282,7788556.0
37283,4465894.0
37284,6020402.5
37285,4065425.5
37287,10594746.0
37288,5888909.0
37289,5831104.0
37290,4396098.5
37291,4433593.5
37292,9130152.0
37293,4124875.0
37294,10702230.0
37295,5668782.5
37297,4445302.0
37298,5818850.0
37299,5798914.5
37300,6813085.0
37301,4450962.0
37302,7540419.5
37303,9780742.0
37304,4361965.5
37305,5828286.5
37306,3772196.25
37307,6012709.0
37308,6633601.5
37309,7182182.0
37310,6084357.0
37311,7083078.5
37312,4135364.0
37313,5977690.0
37314,11059610.0
37315,6969345.0
37316,6093992.5
37317,5990338.5
37318,4952310.0
37319,5795112.5
37320,7544804.0
37321,6740782.0
37322,8288102.5
37323,11748578.0
37324,3934288.5
37326,3406666.0
37327,7582380.5
37328,5290569.0
37329,4503350.0
37330,5511102.0
37331,4139221.0
37332,14214300.0
37333,5476489.5
37335,5426167.5
37336,6421137.0
37339,5923177.5
37340,7752472.5
37341,4610871.5
37342,5381527.0
37343,4603493.0
37344,7535987.5
37345,5829662.5
37347,7583409.5
37348,5066153.0
37349,7749304.0
37350,12886354.0
37351,5908636.5
37352,4149666.0
37353,4970966.0
37354,5385019.0
37355,7723904.0
37357,5957843.5
37359,4874437.5
37360,6205853.5
37361,5858212.5
37362,10261846.0
37363,6383857.0
37365,4858187.0
37366,7646106.5
37367,5857489.5
37368,6394444.5
37369,6025520.0
37370,12604070.0
37371,4192101.0
37372,6615159.5
37373,10013898.0
37374,5002483.0
37375,4314024.5
37376,15570796.0
37377,6391906.0
37378,4544835.0
37379,8346318.0
37380,8332973.0
37381,5160811.5
37382,9273632.0
37383,6011048.0
37385,6623045.0
37386,11248084.0
37387,5207134.0
37388,6335805.5
37389,6696224.0
37390,9402162.0
37391,6311283.0
37392,9019312.0
37393,6361862.5
37394,5072011.0
37396,5675869.5
37397,4205794.5
37398,5302297.0
37399,10338436.0
37400,4880319.5
37402,9539444.0
37403,6816566.0
37404,6284335.0
37405,5309207.0
37406,4950058.5
37407,4350270.0
37408,4997922.0
37409,10744956.0
37410,6171704.0
37411,4419867.5
37412,1740520.25
37413,5023316.5
37414,4960462.5
37418,5780753.0
37419,5886641.5
37420,9680300.0
37421,11063356.0
37422,6515158.5
37423,7226623.5
37424,10361846.0
37426,5071715.5
37427,5049710.0
37428,7577293.5
37429,12206486.0
37430,4501735.5
37431,3929397.75
37432,7188738.0
37433,9102240.0
37435,5422878.5
37436,7219386.0
37437,5985881.5
37438,5817565.5
37439,12258830.0
37440,6880606.5
37441,6925281.5
37443,4280223.0
37444,3999227.75
37447,6392822.0
37448,12016282.0
37449,7680818.5
37450,10772990.0
37451,14333638.0
37452,6355605.5
37453,8587406.0
37454,3694387.25
37455,7211888.5
37456,7254911.5
37458,5641380.5
37459,13167878.0
37461,5863138.0
37462,5893472.0
37464,11602366.0
37465,5798525.5
37466,5126516.0
37467,10963950.0
37469,8651418.0
37470,5462948.0
37471,6883961.5
37473,8079554.5
37474,7158027.5
37475,15798494.0
37476,8756330.0
37477,5116350.0
37478,3693069.5
37480,7714163.0
37481,12133826.0
37482,6121674.0
37483,8161256.5
37484,19061138.0
37485,5468666.5
37487,4917619.0
37488,5995123.0
37489,6886657.5
37490,14972958.0
37491,5347279.0
37492,5348679.0
37493,4487547.0
37494,5623169.5
37495,10903144.0
37497,6871462.5
37498,4645137.0
37499,7731851.5
37500,4195851.0
37501,3743504.25
37502,5231162.5
37503,8193240.0
37505,3203850.75
37506,6125078.5
37507,7992677.5
37508,18263946.0
37509,12482284.0
37511,5451818.0
37514,7728620.0
37515,5348544.0
37516,4610552.0
37517,5608921.5
37518,6332858.5
37519,4137131.75
37521,8025766.0
37522,8751752.0
37523,4051098.0
37524,4014278.5
37525,7196970.0
37526,14848008.0
37527,5318941.5
37530,9694542.0
37531,7938408.5
37532,13423056.0
37533,7727075.5
37534,6119220.0
37535,6058015.5
37536,13245056.0
37537,12268276.0
37538,5831184.5
37539,13343000.0
37541,4770570.5
37542,7870807.0
37543,7631083.0
37544,10344132.0
37545,5626771.0
37546,6682936.0
37547,6035256.0
37548,5389075.0
37550,5172024.5
37551,4513355.5
37552,7697208.0
37553,13536926.0
37554,20252994.0
37555,11087514.0
37557,6181989.5
37558,5381344.0
37560,4484336.0
37561,6197609.0
37562,5937890.5
37563,7006795.0
37564,6355919.0
37565,8904892.0
37566,20074726.0
37567,19242244.0
37568,4521162.5
37569,9553092.0
37571,10781710.0
37572,5947675.5
37573,4604532.5
37574,12487520.0
37575,5637261.5
37576,10626498.0
37577,11168212.0
37578,10255464.0
37579,8205104.5
37580,6532469.0
37582,8399954.0
37583,8438710.0
37584,7297880.0
37585,6266478.5
37586,8256084.5
37588,4248929.0
37589,8026538.5
37590,5792839.0
37591,13140386.0
37592,5373416.5
37594,6273397.0
37595,7416415.5
37596,7857811.0
37597,5521260.5
37598,4842972.5
37599,14310872.0
37600,6006137.0
37601,5246267.0
37602,7810171.0
37603,11080638.0
37604,19873188.0
37605,10220280.0
37606,9893910.0
37607,6787885.5
37608,8213032.0
37609,5467451.0
37610,3737346.75
37611,6255501.0
37612,5682564.0
37613,5575616.0
37614,5353327.5
37616,5219248.0
37617,5388711.5
37618,13614892.0
37619,4306022.5
37620,7473185.5
37621,8440684.0
37622,8949618.0
37623,6557461.5
37624,4898200.0
37625,12036958.0
37626,10532538.0
37627,4336236.0
37628,6026360.5
37629,8390124.0
37630,4913027.0
37631,7454346.5
37633,4569678.0
37634,8927218.0
37636,8735818.0
37637,6135741.5
37638,5171005.0
37640,4154627.0
37641,10981002.0
37642,8477066.0
37643,6388679.5
37645,10930404.0
37646,7752774.5
37647,8005998.0
37648,7530870.5
37649,9528766.0
37650,8227446.0
37651,6731215.5
37652,5101430.0
37653,6056120.5
37654,6782322.5
37655,6308318.5
37656,4286447.0
37657,5967125.5
37658,6535470.5
37659,6145378.5
37660,5118826.0
37662,4285837.0
37663,7698623.5
37664,5983032.0
37665,21041274.0
37666,5883559.5
37667,6909614.0
37668,4718963.5
37670,7255214.5
37671,7759796.5
37672,7859527.5
37673,5709232.5
37674,4773079.0
37675,5670009.5
37676,5454912.0
37677,4129420.25
37678,7063037.0
37679,7485904.0
37680,7670988.0
37681,10280706.0
37683,4028673.25
37684,9319898.0
37685,5694122.0
37686,20348132.0
37687,6537776.5
37688,5397209.0
37690,5653268.0
37692,6664289.5
37693,6023426.0
37694,6922155.0
37695,11849486.0
37697,11659990.0
37698,5283076.0
37699,9956180.0
37701,5787951.0
37702,3918356.25
37703,6075792.5
37704,11120188.0
37705,5645942.5
37706,4693288.0
37707,8438554.0
37708,5067112.0
37709,7350807.5
37710,11187170.0
37711,8507548.0
37712,6513828.5
37714,5796931.5
37715,6565803.5
37716,7546981.0
37717,10703904.0
37718,5437983.5
37720,15313128.0
37721,8205582.5
37722,4880979.5
37724,10005644.0
37725,4716420.0
37726,4212432.5
37727,10896182.0
37728,7799799.0
37729,23445440.0
37730,17150408.0
37731,6299794.0
37732,5740751.5
37733,14552528.0
37734,6987672.5
37735,4730712.5
37736,5792062.0
37737,4986060.5
37738,6076569.0
37741,9394908.0
37742,5561994.5
37743,6188680.5
37744,7678098.0
37745,5588839.0
37746,12083572.0
37747,5732096.5
37749,6022917.5
37750,5574963.5
37751,6316021.5
37752,6837014.5
37753,36267964.0
37754,5970002.5
37755,4094348.25
37756,7651911.5
37757,8447192.0
37758,5480899.5
37759,7292694.0
37760,6598922.5
37761,4540641.0
37762,5921971.0
37763,12448330.0
37764,12666162.0
37766,8052978.0
37767,5700255.0
37770,6068972.5
37771,7798590.0
37773,8188391.0
37774,8558066.0
37775,3551654.0
37776,7261812.0
37778,5970790.0
37779,4959339.0
37780,6147043.0
37781,3573109.75
37782,7668346.5
37783,5181193.5
37784,11720168.0
37785,6201966.0
37786,7268032.0
37787,5496997.0
37788,3732013.25
37789,9699030.0
37793,7937418.5
37794,8865610.0
37795,11957122.0
37796,5227820.5
37797,5673819.0
37798,7601628.5
37802,5053504.5
37803,7772186.0
37804,9367792.0
37805,7330454.5
37810,5866261.0
37811,7584101.0
37812,5623300.5
37814,14001436.0
37815,15745642.0
37816,5235713.5
37817,6269103.5
37818,8863206.0
37820,4536590.0
37821,3140858.0
37822,7453409.5
37823,14134302.0
37825,17443044.0
37826,4548620.5
37827,10684628.0
37828,5572621.5
37829,21149858.0
37830,3056306.75
37831,7025415.0
37832,6867024.0
37833,4057587.25
37834,5990910.0
37835,8069932.0
37836,4627767.0
37837,7308713.0
37838,6526763.0
37839,8032947.0
37840,6538604.0
37841,5346242.0
37842,7517121.5
37843,5449350.5
37844,4807515.5
37845,6704524.5
37846,5757901.0
37848,5755988.0
37849,5440948.5
37850,6022815.0
37851,6132813.0
37852,7684370.5
37853,7103215.5
37854,5856921.5
37855,5234075.5
37856,7958930.5
37857,4037169.5
37858,7422348.0
37860,5514599.5
37861,6382608.5
37862,6723662.0
37863,7652635.0
37865,8737212.0
37866,9102070.0
37867,3839076.0
37868,10188962.0
37869,17138430.0
37870,5808243.0
37871,8089882.5
37872,7525173.0
37873,5417916.5
37874,16388296.0
37876,11299266.0
37877,5523482.5
37878,5246382.5
37880,4620684.5
37881,12613886.0
37882,4772474.5
37883,8056269.0
37884,5859584.0
37885,5096411.0
37886,4730684.0
37891,7011517.5
37892,9121766.0
37893,8439186.0
37894,3864941.75
37896,8168778.0
37897,5517404.5
37898,11961156.0
37899,7066259.5
37900,5415796.0
37901,6205853.5
37902,5551298.5
37903,6596103.5
37904,4879298.5
37905,6118783.5
37906,6613653.0
37907,11099994.0
37908,6558638.0
37909,5464228.0
37911,4412637.5
37912,7565485.0
37913,5521188.5
37914,7546426.5
37915,8035785.5
37916,12433302.0
37917,9049958.0
37918,5908148.0
37919,6675745.0
37922,4752938.0
37923,5873285.5
37926,4929999.0
37927,6052497.0
37928,19887062.0
37931,5128445.5
37933,7278437.5
37935,7257335.0
37936,6104234.5
37937,5774004.5
37938,6185341.5
37940,11774956.0
37941,25666980.0
37943,6501273.5
37944,8076596.0
37945,6782361.5
37946,6308648.0
37947,6216912.0
37948,26799492.0
37949,6658268.5
37951,5589617.0
37952,5201411.0
37953,3790148.25
37956,8246247.0
37957,5076188.0
37958,9466006.0
37959,6207371.0
37961,6047593.0
37962,3760094.0
37963,14419164.0
37964,7823518.5
37965,7178087.0
37966,6395352.0
37967,5614759.0
37968,6730511.5
37969,5905427.0
37970,4696984.0
37971,14587670.0
37973,6550907.0
37974,9386928.0
37977,5752541.5
37978,8430456.0
37979,3169471.0
37980,15105774.0
37981,4795846.0
37982,4630917.0
37983,5695306.0
37984,5162632.5
37985,5410216.5
37986,7070384.5
37988,6468120.0
37990,6900953.5
37992,7047460.5
37994,4875025.5
37996,5596089.0
37997,5857234.5
37998,6020471.0
38001,4850778.0
38002,4943787.0
38005,7230265.0
38006,4303050.0
38008,4745240.0
38010,7454345.5
38011,9671644.0
38012,7925884.5
38013,5289211.5
38014,6396956.5
38015,4550712.5
38016,7970420.0
38017,6673389.0
38018,7030203.0
38019,10892580.0
38021,10600936.0
38023,10733168.0
38024,6557036.0
38025,9315538.0
38026,6590326.5
38027,11121080.0
38028,7663880.5
38029,9568504.0
38030,3458368.25
38031,10598250.0
38032,5868450.0
38033,5701104.5
38034,7713003.5
38036,6359309.0
38037,5904464.5
38038,7396312.5
38039,5696235.0
38042,7939713.5
38044,9174196.0
38045,6450666.5
38046,6188888.0
38047,6029490.0
38049,6819374.0
38050,4463499.0
38051,5772850.5
38052,12262528.0
38053,11365310.0
38054,8586740.0
38055,7560553.0
38056,8419596.0
38060,7311692.0
38065,7636777.0
38066,6872939.5
38067,4458848.0
38068,14511284.0
38069,5967999.0
38071,5869054.5
38072,10892970.0
38073,6928545.5
38074,6014051.5
38075,8137952.0
38076,5839045.5
38077,6024636.5
38078,15684402.0
38079,4769257.5
38081,17618956.0
38082,5348679.0
38083,7137775.5
38085,9897916.0
38086,4444243.5
38087,8941082.0
38089,5479587.5
38091,10376524.0
38093,6965829.5
38094,7288125.0
38095,11716034.0
38097,12179442.0
38099,19095772.0
38101,7398613.5
38102,10785224.0
38103,12975464.0
38104,6008397.5
38105,6249698.0
38106,5982711.0
38108,11714270.0
38110,3886284.25
38111,4336236.0
38113,6752692.5
38115,3047219.5
38117,5753801.5
38118,7419997.0
38119,3484666.75
38120,5829819.5
38121,5911392.5
38124,6155302.0
38125,7628220.5
38126,8045705.5
38131,7645853.5
38134,5261916.0
38135,7195267.5
